SET FEEDBACK OFF
SET ECHO OFF
WHENEVER SQLERROR EXIT FAILURE ROLLBACK
DECLARE

L_elc_ind   VARCHAR2(1) := 'N';
L_prim_currency_code   ELC_COMP.COMP_CURRENCY%TYPE := NULL;

   cursor C_ELC_IND is
      select elc_ind
        from system_options;

   CURSOR c_get_prim_curr_code is
      SELECT currency_code
        FROM system_options;

BEGIN
    open c_get_prim_curr_code;
    fetch c_get_prim_curr_code into L_prim_currency_code;
    close c_get_prim_curr_code;
	
	---Backhaul allowance 
   INSERT INTO ELC_COMP ( COMP_ID, COMP_DESC, COMP_TYPE, ASSESS_TYPE, IMPORT_COUNTRY_ID, EXPENSE_TYPE,
   UP_CHRG_TYPE, UP_CHRG_GROUP, CVB_CODE, CALC_BASIS, COST_BASIS, EXP_CATEGORY, COMP_RATE, COMP_LEVEL,
   DISPLAY_ORDER, ALWAYS_DEFAULT_IND, COMP_CURRENCY, PER_COUNT, PER_COUNT_UOM, NOM_FLAG_1, NOM_FLAG_2,
   NOM_FLAG_3, NOM_FLAG_4, NOM_FLAG_5, SYS_GENERATED_IND ) VALUES (
   'BAPAL', 'Backhaul Allowance per Pallet', 'E', NULL, NULL, 'Z', NULL, NULL, NULL, 'S'
   , NULL, 'B', 50, 1, 1, 'N', L_prim_currency_code, 1, 'PAL', 'N', 'N', 'N', 'N', 'N','N');
   INSERT INTO ELC_COMP ( COMP_ID, COMP_DESC, COMP_TYPE, ASSESS_TYPE, IMPORT_COUNTRY_ID, EXPENSE_TYPE,
   UP_CHRG_TYPE, UP_CHRG_GROUP, CVB_CODE, CALC_BASIS, COST_BASIS, EXP_CATEGORY, COMP_RATE, COMP_LEVEL,
   DISPLAY_ORDER, ALWAYS_DEFAULT_IND, COMP_CURRENCY, PER_COUNT, PER_COUNT_UOM, NOM_FLAG_1, NOM_FLAG_2,
   NOM_FLAG_3, NOM_FLAG_4, NOM_FLAG_5, SYS_GENERATED_IND ) VALUES (
   'BACWT', 'Backhaul Allowance per Hundred Weight', 'E', NULL, NULL, 'Z', NULL, NULL
   , NULL, 'S', NULL, 'B', 2, 1, 1, 'N', L_prim_currency_code, 100, 'LBS', 'N', 'N', 'N', 'N', 'N', 'N');
   INSERT INTO ELC_COMP ( COMP_ID, COMP_DESC, COMP_TYPE, ASSESS_TYPE, IMPORT_COUNTRY_ID, EXPENSE_TYPE,
   UP_CHRG_TYPE, UP_CHRG_GROUP, CVB_CODE, CALC_BASIS, COST_BASIS, EXP_CATEGORY, COMP_RATE, COMP_LEVEL,
   DISPLAY_ORDER, ALWAYS_DEFAULT_IND, COMP_CURRENCY, PER_COUNT, PER_COUNT_UOM, NOM_FLAG_1, NOM_FLAG_2,
   NOM_FLAG_3, NOM_FLAG_4, NOM_FLAG_5, SYS_GENERATED_IND ) VALUES (
   'BAEA', 'Backhaul Allowance per Each', 'E', NULL, NULL, 'Z', NULL, NULL, NULL, 'S'
   , NULL, 'B', 0.1, 1, 1, 'N', L_prim_currency_code, 1, 'EA', 'N', 'N', 'N', 'N', 'N', 'N');
   INSERT INTO ELC_COMP ( COMP_ID, COMP_DESC, COMP_TYPE, ASSESS_TYPE, IMPORT_COUNTRY_ID, EXPENSE_TYPE,
   UP_CHRG_TYPE, UP_CHRG_GROUP, CVB_CODE, CALC_BASIS, COST_BASIS, EXP_CATEGORY, COMP_RATE, COMP_LEVEL,
   DISPLAY_ORDER, ALWAYS_DEFAULT_IND, COMP_CURRENCY, PER_COUNT, PER_COUNT_UOM, NOM_FLAG_1, NOM_FLAG_2,
   NOM_FLAG_3, NOM_FLAG_4, NOM_FLAG_5, SYS_GENERATED_IND ) VALUES (
   'BACS', 'Backhaul Allowance per Case', 'E', NULL, NULL, 'Z', NULL, NULL, NULL, 'S'
   , NULL, 'B', 0.5, 1, 1, 'N', L_prim_currency_code, 1, 'CS', 'N', 'N', 'N', 'N', 'N', 'N');
   INSERT INTO ELC_COMP ( COMP_ID, COMP_DESC, COMP_TYPE, ASSESS_TYPE, IMPORT_COUNTRY_ID, EXPENSE_TYPE,
   UP_CHRG_TYPE, UP_CHRG_GROUP, CVB_CODE, CALC_BASIS, COST_BASIS, EXP_CATEGORY, COMP_RATE, COMP_LEVEL,
   DISPLAY_ORDER, ALWAYS_DEFAULT_IND, COMP_CURRENCY, PER_COUNT, PER_COUNT_UOM, NOM_FLAG_1, NOM_FLAG_2,
   NOM_FLAG_3, NOM_FLAG_4, NOM_FLAG_5, SYS_GENERATED_IND ) VALUES (
   'BACFT', 'Backhaul Allowance per Cubic Feet', 'E', NULL, NULL, 'Z', NULL, NULL, NULL, 'S',
   NULL, 'B', 2, 1, 1, 'N', L_prim_currency_code, 1, 'CFT', 'N', 'N', 'N', 'N', 'N', 'N');
   ---
   --Upcharges
   INSERT INTO ELC_COMP ( COMP_ID,
                          COMP_DESC,
                          COMP_TYPE,
                          ASSESS_TYPE,
                          IMPORT_COUNTRY_ID,
                          EXPENSE_TYPE,
                          UP_CHRG_TYPE,
                          UP_CHRG_GROUP,
                          CVB_CODE,
                          CALC_BASIS,
                          COST_BASIS,
                          EXP_CATEGORY,
                          COMP_RATE,
                          COMP_LEVEL,
                          DISPLAY_ORDER,
                          ALWAYS_DEFAULT_IND,
                          COMP_CURRENCY,
                          PER_COUNT,
                          PER_COUNT_UOM,
                          NOM_FLAG_1,
                          NOM_FLAG_2,
                          NOM_FLAG_3,
                          NOM_FLAG_4,
                          NOM_FLAG_5,
                          SYS_GENERATED_IND)
                 VALUES ( 'TSFFRGHT', 'Transfer Freight', 'U', NULL, NULL, NULL, 'E',
                          'F', NULL, 'V', NULL, NULL, 2.5, 1, 1, 'N', L_prim_currency_code, NULL, NULL,
                          'N', 'N', 'N', 'N', 'N', 'N' );
   INSERT INTO ELC_COMP ( COMP_ID,
                          COMP_DESC,
                          COMP_TYPE,
                          ASSESS_TYPE,
                          IMPORT_COUNTRY_ID,
                          EXPENSE_TYPE,
                          UP_CHRG_TYPE,
                          UP_CHRG_GROUP,
                          CVB_CODE,
                          CALC_BASIS,
                          COST_BASIS,
                          EXP_CATEGORY,
                          COMP_RATE,
                          COMP_LEVEL,
                          DISPLAY_ORDER,
                          ALWAYS_DEFAULT_IND,
                          COMP_CURRENCY,
                          PER_COUNT,
                          PER_COUNT_UOM,
                          NOM_FLAG_1,
                          NOM_FLAG_2,
                          NOM_FLAG_3,
                          NOM_FLAG_4,
                          NOM_FLAG_5,
                          SYS_GENERATED_IND )
                 VALUES ( 'TSFINSUR', 'Transfer Insurance', 'U', NULL, NULL, NULL, 'E',
                          'M', NULL, 'V', NULL, NULL, 1.5, 1, 1, 'N', L_prim_currency_code, NULL, NULL,
                          'N', 'N', 'N', 'N', 'N', 'N' );
   INSERT INTO ELC_COMP ( COMP_ID,
                          COMP_DESC,
                          COMP_TYPE,
                          ASSESS_TYPE,
                          IMPORT_COUNTRY_ID,
                          EXPENSE_TYPE,
                          UP_CHRG_TYPE,
                          UP_CHRG_GROUP,
                          CVB_CODE,
                          CALC_BASIS,
                          COST_BASIS,
                          EXP_CATEGORY,
                          COMP_RATE,
                          COMP_LEVEL,
                          DISPLAY_ORDER,
                          ALWAYS_DEFAULT_IND,
                          COMP_CURRENCY,
                          PER_COUNT,
                          PER_COUNT_UOM,
                          NOM_FLAG_1,
                          NOM_FLAG_2,
                          NOM_FLAG_3,
                          NOM_FLAG_4,
                          NOM_FLAG_5,
                          SYS_GENERATED_IND )
                 VALUES ( 'WHFEE', 'Warehouse Storage Fee', 'U', NULL, NULL, NULL, 'P',
                          'A', NULL, 'S', NULL, NULL, 10, 1, 1, 'N', L_prim_currency_code, 1, 'CBM', 'N',
                          'N', 'N', 'N', 'N', 'N');
   INSERT INTO ELC_COMP ( COMP_ID,
                          COMP_DESC,
                          COMP_TYPE,
                          ASSESS_TYPE,
                          IMPORT_COUNTRY_ID,
                          EXPENSE_TYPE,
                          UP_CHRG_TYPE,
                          UP_CHRG_GROUP,
                          CVB_CODE,
                          CALC_BASIS,
                          COST_BASIS,
                          EXP_CATEGORY,
                          COMP_RATE,
                          COMP_LEVEL,
                          DISPLAY_ORDER,
                          ALWAYS_DEFAULT_IND,
                          COMP_CURRENCY,
                          PER_COUNT,
                          PER_COUNT_UOM,
                          NOM_FLAG_1,
                          NOM_FLAG_2,
                          NOM_FLAG_3,
                          NOM_FLAG_4,
                          NOM_FLAG_5,
                          SYS_GENERATED_IND )
                 VALUES ( 'WHPROC', 'Warehouse Processing Fee', 'U', NULL, NULL, NULL, 'P',
                          'A', NULL, 'V', NULL, NULL, 3, 1, 1, 'N', L_prim_currency_code, NULL, NULL, 'N',
                          'N', 'N', 'N', 'N', 'N' );
	---					  
   open c_ELC_IND;
   fetch C_ELC_IND into L_elc_ind;
   close C_ELC_IND;
   ---
   if L_elc_ind = 'Y' then

      INSERT INTO CVB_HEAD ( CVB_CODE, CVB_DESC, NOM_FLAG_1, NOM_FLAG_2, NOM_FLAG_3, NOM_FLAG_4,
      NOM_FLAG_5 ) VALUES (
      'SELLCOMM', 'Seller Commission CVB', 'N', 'N', 'N', 'N', 'N');
      INSERT INTO CVB_HEAD ( CVB_CODE, CVB_DESC, NOM_FLAG_1, NOM_FLAG_2, NOM_FLAG_3, NOM_FLAG_4,
      NOM_FLAG_5 ) VALUES (
      'VFDUS', 'Value For Duty US', 'N', 'N', 'N', 'N', 'N');
      INSERT INTO CVB_HEAD ( CVB_CODE, CVB_DESC, NOM_FLAG_1, NOM_FLAG_2, NOM_FLAG_3, NOM_FLAG_4,
      NOM_FLAG_5 ) VALUES (
      'VFD25US', '25% of the Value For Duty US', 'N', 'N', 'N', 'N', 'N');
      INSERT INTO CVB_HEAD ( CVB_CODE, CVB_DESC, NOM_FLAG_1, NOM_FLAG_2, NOM_FLAG_3, NOM_FLAG_4,
      NOM_FLAG_5 ) VALUES (
      'VFD50US', '50% of the Value For Duty US', 'N', 'N', 'N', 'N', 'N');
      INSERT INTO CVB_HEAD ( CVB_CODE, CVB_DESC, NOM_FLAG_1, NOM_FLAG_2, NOM_FLAG_3, NOM_FLAG_4,
      NOM_FLAG_5 ) VALUES (
      'VFD75US', '75% of the Value For Duty US', 'N', 'N', 'N', 'N', 'N');
      INSERT INTO CVB_HEAD ( CVB_CODE, CVB_DESC, NOM_FLAG_1, NOM_FLAG_2, NOM_FLAG_3, NOM_FLAG_4,
      NOM_FLAG_5 ) VALUES (
      'DUTYUS', 'DUTYUS', 'N', 'N', 'N', 'N', 'N');
      INSERT INTO CVB_HEAD ( CVB_CODE, CVB_DESC, NOM_FLAG_1, NOM_FLAG_2, NOM_FLAG_3, NOM_FLAG_4,
      NOM_FLAG_5 ) VALUES ( 'TDTYUS', 'Total Duty US', 'N', 'Y', 'N', 'N', 'N');

   ---
      INSERT INTO ELC_COMP ( COMP_ID, COMP_DESC, COMP_TYPE, ASSESS_TYPE, IMPORT_COUNTRY_ID, EXPENSE_TYPE,
      UP_CHRG_TYPE, UP_CHRG_GROUP, CVB_CODE, CALC_BASIS, COST_BASIS, EXP_CATEGORY, COMP_RATE, COMP_LEVEL,
      DISPLAY_ORDER, ALWAYS_DEFAULT_IND, COMP_CURRENCY, PER_COUNT, PER_COUNT_UOM, NOM_FLAG_1, NOM_FLAG_2,
      NOM_FLAG_3, NOM_FLAG_4, NOM_FLAG_5, SYS_GENERATED_IND) VALUES (
      'AGCOMM', 'Agent Commission', 'E', NULL, NULL, 'C', NULL, NULL, NULL, 'V', 'O', 'M'
      , 5, 1, 1, 'N', 'USD', NULL, NULL, 'N', 'N', 'N', '+', 'N', 'N');
      INSERT INTO ELC_COMP ( COMP_ID, COMP_DESC, COMP_TYPE, ASSESS_TYPE, IMPORT_COUNTRY_ID, EXPENSE_TYPE,
      UP_CHRG_TYPE, UP_CHRG_GROUP, CVB_CODE, CALC_BASIS, COST_BASIS, EXP_CATEGORY, COMP_RATE, COMP_LEVEL,
      DISPLAY_ORDER, ALWAYS_DEFAULT_IND, COMP_CURRENCY, PER_COUNT, PER_COUNT_UOM, NOM_FLAG_1, NOM_FLAG_2,
      NOM_FLAG_3, NOM_FLAG_4, NOM_FLAG_5, SYS_GENERATED_IND ) VALUES (
      'ILFRT', 'Inland Freight', 'E', NULL, NULL, 'Z', NULL, NULL, NULL, 'S', NULL, 'M'
      , 0.75, 1, 1, 'N', 'USD', 1, 'EA', 'N', 'N', 'N', '+', 'N', 'N');
      INSERT INTO ELC_COMP ( COMP_ID, COMP_DESC, COMP_TYPE, ASSESS_TYPE, IMPORT_COUNTRY_ID, EXPENSE_TYPE,
      UP_CHRG_TYPE, UP_CHRG_GROUP, CVB_CODE, CALC_BASIS, COST_BASIS, EXP_CATEGORY, COMP_RATE, COMP_LEVEL,
      DISPLAY_ORDER, ALWAYS_DEFAULT_IND, COMP_CURRENCY, PER_COUNT, PER_COUNT_UOM, NOM_FLAG_1, NOM_FLAG_2,
      NOM_FLAG_3, NOM_FLAG_4, NOM_FLAG_5, SYS_GENERATED_IND ) VALUES (
      'BUYCOMM', 'Buyer Commission', 'E', NULL, NULL, 'C', NULL, NULL, NULL, 'V', 'O', 'M'
      , 1.5, 1, 1, 'N', 'USD', NULL, NULL, 'N', 'N', 'N', '+', 'N', 'N');
      INSERT INTO ELC_COMP ( COMP_ID, COMP_DESC, COMP_TYPE, ASSESS_TYPE, IMPORT_COUNTRY_ID, EXPENSE_TYPE,
      UP_CHRG_TYPE, UP_CHRG_GROUP, CVB_CODE, CALC_BASIS, COST_BASIS, EXP_CATEGORY, COMP_RATE, COMP_LEVEL,
      DISPLAY_ORDER, ALWAYS_DEFAULT_IND, COMP_CURRENCY, PER_COUNT, PER_COUNT_UOM, NOM_FLAG_1, NOM_FLAG_2,
      NOM_FLAG_3, NOM_FLAG_4, NOM_FLAG_5, SYS_GENERATED_IND ) VALUES (
      'OCFRT', 'Ocean Freight', 'E', NULL, NULL, 'C', NULL, NULL, NULL, 'S', NULL, 'M', 60
      , 1, 1, 'N', 'USD', 1, 'CBM', 'N', 'N', 'N', '+', 'N', 'N');
      INSERT INTO ELC_COMP ( COMP_ID, COMP_DESC, COMP_TYPE, ASSESS_TYPE, IMPORT_COUNTRY_ID, EXPENSE_TYPE,
      UP_CHRG_TYPE, UP_CHRG_GROUP, CVB_CODE, CALC_BASIS, COST_BASIS, EXP_CATEGORY, COMP_RATE, COMP_LEVEL,
      DISPLAY_ORDER, ALWAYS_DEFAULT_IND, COMP_CURRENCY, PER_COUNT, PER_COUNT_UOM, NOM_FLAG_1, NOM_FLAG_2,
      NOM_FLAG_3, NOM_FLAG_4, NOM_FLAG_5, SYS_GENERATED_IND ) VALUES (
      'INSUR', 'Insurance', 'E', NULL, NULL, 'Z', NULL, NULL, NULL, 'V', 'O', 'M', 3.2, 1
      , 1, 'N', 'USD', NULL, NULL, 'N', 'N', 'N', '+', 'N', 'N');
      INSERT INTO ELC_COMP ( COMP_ID, COMP_DESC, COMP_TYPE, ASSESS_TYPE, IMPORT_COUNTRY_ID, EXPENSE_TYPE,
      UP_CHRG_TYPE, UP_CHRG_GROUP, CVB_CODE, CALC_BASIS, COST_BASIS, EXP_CATEGORY, COMP_RATE, COMP_LEVEL,
      DISPLAY_ORDER, ALWAYS_DEFAULT_IND, COMP_CURRENCY, PER_COUNT, PER_COUNT_UOM, NOM_FLAG_1, NOM_FLAG_2,
      NOM_FLAG_3, NOM_FLAG_4, NOM_FLAG_5, SYS_GENERATED_IND ) VALUES (
      'SELLCOMM', 'Seller Commission', 'E', NULL, NULL, 'C', NULL, NULL, 'SELLCOMM', 'V'
      , NULL, 'M', 10, 3, 2, 'N', 'USD', NULL, NULL, 'N', 'N', 'N', '+', 'N', 'N');
      ---
      INSERT INTO ELC_COMP ( COMP_ID, COMP_DESC, COMP_TYPE, ASSESS_TYPE, IMPORT_COUNTRY_ID, EXPENSE_TYPE,
      UP_CHRG_TYPE, UP_CHRG_GROUP, CVB_CODE, CALC_BASIS, COST_BASIS, EXP_CATEGORY, COMP_RATE, COMP_LEVEL,
      DISPLAY_ORDER, ALWAYS_DEFAULT_IND, COMP_CURRENCY, PER_COUNT, PER_COUNT_UOM, NOM_FLAG_1, NOM_FLAG_2,
      NOM_FLAG_3, NOM_FLAG_4, NOM_FLAG_5, SYS_GENERATED_IND ) VALUES (
      'ROYALTY', 'Royalty', 'E', NULL, NULL, 'C', NULL, NULL, NULL, 'V', 'O', 'M', 2, 1
      , 4, 'N', 'USD', NULL, NULL, 'N', 'N', 'N', '+', 'N', 'N');
      INSERT INTO ELC_COMP ( COMP_ID, COMP_DESC, COMP_TYPE, ASSESS_TYPE, IMPORT_COUNTRY_ID, EXPENSE_TYPE,
      UP_CHRG_TYPE, UP_CHRG_GROUP, CVB_CODE, CALC_BASIS, COST_BASIS, EXP_CATEGORY, COMP_RATE, COMP_LEVEL,
      DISPLAY_ORDER, ALWAYS_DEFAULT_IND, COMP_CURRENCY, PER_COUNT, PER_COUNT_UOM, NOM_FLAG_1, NOM_FLAG_2,
      NOM_FLAG_3, NOM_FLAG_4, NOM_FLAG_5, SYS_GENERATED_IND ) VALUES ('VFD25US','25% of the Value for Duty US',
      'A', NULL, 'US', NULL, NULL, NULL, 'VFDUS', 'V', NULL, NULL, 25, 3, 98, 'N', 'USD', NULL, NULL, 'N', 'N',
      'N', 'N', 'N', 'N');
      INSERT INTO ELC_COMP ( COMP_ID, COMP_DESC, COMP_TYPE, ASSESS_TYPE, IMPORT_COUNTRY_ID, EXPENSE_TYPE,
      UP_CHRG_TYPE, UP_CHRG_GROUP, CVB_CODE, CALC_BASIS, COST_BASIS, EXP_CATEGORY, COMP_RATE, COMP_LEVEL,
      DISPLAY_ORDER, ALWAYS_DEFAULT_IND, COMP_CURRENCY, PER_COUNT, PER_COUNT_UOM, NOM_FLAG_1, NOM_FLAG_2,
      NOM_FLAG_3, NOM_FLAG_4, NOM_FLAG_5, SYS_GENERATED_IND ) VALUES (
      'VFD50US', '50% of the Value for Duty US', 'A', NULL, 'US', NULL, NULL, NULL, 'VFDUS'
      , 'V', NULL, NULL, 50, 3, 98, 'N', 'USD', NULL, NULL, 'N', 'N', 'N', 'N', 'N', 'Y');
      INSERT INTO ELC_COMP ( COMP_ID, COMP_DESC, COMP_TYPE, ASSESS_TYPE, IMPORT_COUNTRY_ID, EXPENSE_TYPE,
      UP_CHRG_TYPE, UP_CHRG_GROUP, CVB_CODE, CALC_BASIS, COST_BASIS, EXP_CATEGORY, COMP_RATE, COMP_LEVEL,
      DISPLAY_ORDER, ALWAYS_DEFAULT_IND, COMP_CURRENCY, PER_COUNT, PER_COUNT_UOM, NOM_FLAG_1, NOM_FLAG_2,
      NOM_FLAG_3, NOM_FLAG_4, NOM_FLAG_5, SYS_GENERATED_IND ) VALUES (
      'VFD75US', '75% of the Value for Duty US', 'A', NULL, 'US', NULL, NULL, NULL, 'VFDUS'
      , 'V', NULL, NULL, 75, 3, 98, 'N', 'USD', NULL, NULL, 'N', 'N', 'N', 'N', 'N', 'Y');
      INSERT INTO ELC_COMP ( COMP_ID, COMP_DESC, COMP_TYPE, ASSESS_TYPE, IMPORT_COUNTRY_ID, EXPENSE_TYPE,
      UP_CHRG_TYPE, UP_CHRG_GROUP, CVB_CODE, CALC_BASIS, COST_BASIS, EXP_CATEGORY, COMP_RATE, COMP_LEVEL,
      DISPLAY_ORDER, ALWAYS_DEFAULT_IND, COMP_CURRENCY, PER_COUNT, PER_COUNT_UOM, NOM_FLAG_1, NOM_FLAG_2,
      NOM_FLAG_3, NOM_FLAG_4, NOM_FLAG_5, SYS_GENERATED_IND ) VALUES (
      'MPFUS', 'Merchandise Processing Fee US', 'A', NULL, 'US', NULL, NULL, NULL, 'VFDUS'
      , 'V', NULL, NULL, 0.21, 4, 1, 'Y', 'USD', NULL, NULL, 'N', '+', 'N', 'N', 'N', 'Y');
      INSERT INTO ELC_COMP ( COMP_ID, COMP_DESC, COMP_TYPE, ASSESS_TYPE, IMPORT_COUNTRY_ID, EXPENSE_TYPE,
      UP_CHRG_TYPE, UP_CHRG_GROUP, CVB_CODE, CALC_BASIS, COST_BASIS, EXP_CATEGORY, COMP_RATE, COMP_LEVEL,
      DISPLAY_ORDER, ALWAYS_DEFAULT_IND, COMP_CURRENCY, PER_COUNT, PER_COUNT_UOM, NOM_FLAG_1, NOM_FLAG_2,
      NOM_FLAG_3, NOM_FLAG_4, NOM_FLAG_5, SYS_GENERATED_IND ) VALUES (
      'HMFUS', 'Harbor Maintenance Fee US', 'A', NULL, 'US', NULL, NULL, NULL, 'VFDUS', 'V'
      , NULL, NULL, 0.125, 4, 1, 'N', 'USD', NULL, NULL, 'N', '+', 'N', 'N', 'N', 'Y');
      INSERT INTO ELC_COMP ( COMP_ID, COMP_DESC, COMP_TYPE, ASSESS_TYPE, IMPORT_COUNTRY_ID, EXPENSE_TYPE,
      UP_CHRG_TYPE, UP_CHRG_GROUP, CVB_CODE, CALC_BASIS, COST_BASIS, EXP_CATEGORY, COMP_RATE, COMP_LEVEL,
      DISPLAY_ORDER, ALWAYS_DEFAULT_IND, COMP_CURRENCY, PER_COUNT, PER_COUNT_UOM, NOM_FLAG_1, NOM_FLAG_2,
      NOM_FLAG_3, NOM_FLAG_4, NOM_FLAG_5, SYS_GENERATED_IND ) VALUES (
      'ADUS', 'Anti Dumping US', 'A', NULL, 'US', NULL, NULL, NULL, 'VFDUS', 'V', NULL, NULL
      , 100, 4, 1, 'N', 'USD', NULL, NULL, 'N', '+', 'N', 'N', 'N', 'Y');
      INSERT INTO ELC_COMP ( COMP_ID, COMP_DESC, COMP_TYPE, ASSESS_TYPE, IMPORT_COUNTRY_ID, EXPENSE_TYPE,
      UP_CHRG_TYPE, UP_CHRG_GROUP, CVB_CODE, CALC_BASIS, COST_BASIS, EXP_CATEGORY, COMP_RATE, COMP_LEVEL,
      DISPLAY_ORDER, ALWAYS_DEFAULT_IND, COMP_CURRENCY, PER_COUNT, PER_COUNT_UOM, NOM_FLAG_1, NOM_FLAG_2,
      NOM_FLAG_3, NOM_FLAG_4, NOM_FLAG_5, SYS_GENERATED_IND ) VALUES (
      'CVDUS', 'Countervailing US', 'A', NULL, 'US', NULL, NULL, NULL, 'VFDUS', 'V', NULL
      , NULL, 100, 4, 1, 'N', 'USD', NULL, NULL, 'N', '+', 'N', 'N', 'N', 'Y');
      INSERT INTO ELC_COMP ( COMP_ID, COMP_DESC, COMP_TYPE, ASSESS_TYPE, IMPORT_COUNTRY_ID, EXPENSE_TYPE,
      UP_CHRG_TYPE, UP_CHRG_GROUP, CVB_CODE, CALC_BASIS, COST_BASIS, EXP_CATEGORY, COMP_RATE, COMP_LEVEL,
      DISPLAY_ORDER, ALWAYS_DEFAULT_IND, COMP_CURRENCY, PER_COUNT, PER_COUNT_UOM, NOM_FLAG_1, NOM_FLAG_2,
      NOM_FLAG_3, NOM_FLAG_4, NOM_FLAG_5, SYS_GENERATED_IND ) VALUES (
      'DTY0AUS', 'DTY0AUS', 'A', NULL, 'US', NULL, NULL, NULL, 'VFDUS', 'V', NULL, NULL
      , 100, 4, 1, 'N', 'USD', NULL, NULL, 'N', '+', 'N', 'N', 'N', 'Y');
      INSERT INTO ELC_COMP ( COMP_ID, COMP_DESC, COMP_TYPE, ASSESS_TYPE, IMPORT_COUNTRY_ID, EXPENSE_TYPE,
      UP_CHRG_TYPE, UP_CHRG_GROUP, CVB_CODE, CALC_BASIS, COST_BASIS, EXP_CATEGORY, COMP_RATE, COMP_LEVEL,
      DISPLAY_ORDER, ALWAYS_DEFAULT_IND, COMP_CURRENCY, PER_COUNT, PER_COUNT_UOM, NOM_FLAG_1, NOM_FLAG_2,
      NOM_FLAG_3, NOM_FLAG_4, NOM_FLAG_5, SYS_GENERATED_IND ) VALUES (
      'DTY1AUS', 'DTY1AUS', 'A', NULL, 'US', NULL, NULL, NULL, NULL, 'S', NULL, NULL, 100
      , 4, 1, 'N', 'USD', 1, 'EA', 'N', '+', 'N', 'N', 'N', 'Y');
      INSERT INTO ELC_COMP ( COMP_ID, COMP_DESC, COMP_TYPE, ASSESS_TYPE, IMPORT_COUNTRY_ID, EXPENSE_TYPE,
      UP_CHRG_TYPE, UP_CHRG_GROUP, CVB_CODE, CALC_BASIS, COST_BASIS, EXP_CATEGORY, COMP_RATE, COMP_LEVEL,
      DISPLAY_ORDER, ALWAYS_DEFAULT_IND, COMP_CURRENCY, PER_COUNT, PER_COUNT_UOM, NOM_FLAG_1, NOM_FLAG_2,
      NOM_FLAG_3, NOM_FLAG_4, NOM_FLAG_5, SYS_GENERATED_IND ) VALUES (
      'DTY2AUS', 'DTY2AUS', 'A', NULL, 'US', NULL, NULL, NULL, NULL, 'S', NULL, NULL, 100
      , 4, 1, 'N', 'USD', 1, 'EA', 'N', '+', 'N', 'N', 'N', 'Y');
      INSERT INTO ELC_COMP ( COMP_ID, COMP_DESC, COMP_TYPE, ASSESS_TYPE, IMPORT_COUNTRY_ID, EXPENSE_TYPE,
      UP_CHRG_TYPE, UP_CHRG_GROUP, CVB_CODE, CALC_BASIS, COST_BASIS, EXP_CATEGORY, COMP_RATE, COMP_LEVEL,
      DISPLAY_ORDER, ALWAYS_DEFAULT_IND, COMP_CURRENCY, PER_COUNT, PER_COUNT_UOM, NOM_FLAG_1, NOM_FLAG_2,
      NOM_FLAG_3, NOM_FLAG_4, NOM_FLAG_5, SYS_GENERATED_IND ) VALUES (
      'DTY3AUS', 'DTY3AUS', 'A', NULL, 'US', NULL, NULL, NULL, NULL, 'S', NULL, NULL, 100
      , 4, 1, 'N', 'USD', 1, 'EA', 'N', '+', 'N', 'N', 'N', 'Y');
      INSERT INTO ELC_COMP ( COMP_ID, COMP_DESC, COMP_TYPE, ASSESS_TYPE, IMPORT_COUNTRY_ID, EXPENSE_TYPE,
      UP_CHRG_TYPE, UP_CHRG_GROUP, CVB_CODE, CALC_BASIS, COST_BASIS, EXP_CATEGORY, COMP_RATE, COMP_LEVEL,
      DISPLAY_ORDER, ALWAYS_DEFAULT_IND, COMP_CURRENCY, PER_COUNT, PER_COUNT_UOM, NOM_FLAG_1, NOM_FLAG_2,
      NOM_FLAG_3, NOM_FLAG_4, NOM_FLAG_5, SYS_GENERATED_IND )
      VALUES ('DTY3BUS', 'DTY3BUS', 'A', NULL, 'US', NULL, NULL, NULL, 'VFDUS', 'V', NULL, NULL, 100
      , 4, 1, 'N', 'USD', NULL, NULL, 'N', '+', 'N', 'N', 'N', 'Y');
      INSERT INTO ELC_COMP ( COMP_ID, COMP_DESC, COMP_TYPE, ASSESS_TYPE, IMPORT_COUNTRY_ID, EXPENSE_TYPE,
      UP_CHRG_TYPE, UP_CHRG_GROUP, CVB_CODE, CALC_BASIS, COST_BASIS, EXP_CATEGORY, COMP_RATE, COMP_LEVEL,
      DISPLAY_ORDER, ALWAYS_DEFAULT_IND, COMP_CURRENCY, PER_COUNT, PER_COUNT_UOM, NOM_FLAG_1, NOM_FLAG_2,
      NOM_FLAG_3, NOM_FLAG_4, NOM_FLAG_5, SYS_GENERATED_IND )
      VALUES ('DTY4AUS', 'DTY4AUS', 'A', NULL, 'US', NULL, NULL, NULL, 'VFDUS', 'V', NULL, NULL, 100
      , 4, 1, 'N', 'USD', NULL, NULL, 'N', '+', 'N', 'N', 'N', 'Y');
      INSERT INTO ELC_COMP ( COMP_ID, COMP_DESC, COMP_TYPE, ASSESS_TYPE, IMPORT_COUNTRY_ID, EXPENSE_TYPE,
      UP_CHRG_TYPE, UP_CHRG_GROUP, CVB_CODE, CALC_BASIS, COST_BASIS, EXP_CATEGORY, COMP_RATE, COMP_LEVEL,
      DISPLAY_ORDER, ALWAYS_DEFAULT_IND, COMP_CURRENCY, PER_COUNT, PER_COUNT_UOM, NOM_FLAG_1, NOM_FLAG_2,
      NOM_FLAG_3, NOM_FLAG_4, NOM_FLAG_5, SYS_GENERATED_IND )
      VALUES ('DTY4BUS', 'DTY4BUS', 'A', NULL, 'US', NULL, NULL, NULL, 'VFDUS', 'V', NULL, NULL, 100
      , 4, 1, 'N', 'USD', NULL, NULL, 'N', '+', 'N', 'N', 'N', 'Y');
      INSERT INTO ELC_COMP ( COMP_ID, COMP_DESC, COMP_TYPE, ASSESS_TYPE, IMPORT_COUNTRY_ID, EXPENSE_TYPE,
      UP_CHRG_TYPE, UP_CHRG_GROUP, CVB_CODE, CALC_BASIS, COST_BASIS, EXP_CATEGORY, COMP_RATE, COMP_LEVEL,
      DISPLAY_ORDER, ALWAYS_DEFAULT_IND, COMP_CURRENCY, PER_COUNT, PER_COUNT_UOM, NOM_FLAG_1, NOM_FLAG_2,
      NOM_FLAG_3, NOM_FLAG_4, NOM_FLAG_5, SYS_GENERATED_IND ) VALUES (
      'DTY5AUS', 'DTY5AUS', 'A', NULL, 'US', NULL, NULL, NULL, NULL, 'S', NULL, NULL, 100
      , 4, 1, 'N', 'USD', 1, 'EA', 'N', '+', 'N', 'N', 'N', 'Y');
      INSERT INTO ELC_COMP ( COMP_ID, COMP_DESC, COMP_TYPE, ASSESS_TYPE, IMPORT_COUNTRY_ID, EXPENSE_TYPE,
      UP_CHRG_TYPE, UP_CHRG_GROUP, CVB_CODE, CALC_BASIS, COST_BASIS, EXP_CATEGORY, COMP_RATE, COMP_LEVEL,
      DISPLAY_ORDER, ALWAYS_DEFAULT_IND, COMP_CURRENCY, PER_COUNT, PER_COUNT_UOM, NOM_FLAG_1, NOM_FLAG_2,
      NOM_FLAG_3, NOM_FLAG_4, NOM_FLAG_5, SYS_GENERATED_IND ) VALUES (
      'DTY5BUS', 'DTY5BUS', 'A', NULL, 'US', NULL, NULL, NULL, 'VFDUS', 'V', NULL, NULL
      , 100, 4, 1, 'N', 'USD', NULL, NULL, 'N', '+', 'N', 'N', 'N', 'Y');
      INSERT INTO ELC_COMP ( COMP_ID, COMP_DESC, COMP_TYPE, ASSESS_TYPE, IMPORT_COUNTRY_ID, EXPENSE_TYPE,
      UP_CHRG_TYPE, UP_CHRG_GROUP, CVB_CODE, CALC_BASIS, COST_BASIS, EXP_CATEGORY, COMP_RATE, COMP_LEVEL,
      DISPLAY_ORDER, ALWAYS_DEFAULT_IND, COMP_CURRENCY, PER_COUNT, PER_COUNT_UOM, NOM_FLAG_1, NOM_FLAG_2,
      NOM_FLAG_3, NOM_FLAG_4, NOM_FLAG_5, SYS_GENERATED_IND ) VALUES (
      'DTY6AUS', 'DTY6AUS', 'A', NULL, 'US', NULL, NULL, NULL, NULL, 'S', NULL, NULL, 100
      , 4, 1, 'N', 'USD', 1, 'EA', 'N', '+', 'N', 'N', 'N', 'Y');
      INSERT INTO ELC_COMP ( COMP_ID, COMP_DESC, COMP_TYPE, ASSESS_TYPE, IMPORT_COUNTRY_ID, EXPENSE_TYPE,
      UP_CHRG_TYPE, UP_CHRG_GROUP, CVB_CODE, CALC_BASIS, COST_BASIS, EXP_CATEGORY, COMP_RATE, COMP_LEVEL,
      DISPLAY_ORDER, ALWAYS_DEFAULT_IND, COMP_CURRENCY, PER_COUNT, PER_COUNT_UOM, NOM_FLAG_1, NOM_FLAG_2,
      NOM_FLAG_3, NOM_FLAG_4, NOM_FLAG_5, SYS_GENERATED_IND ) VALUES (
      'DTY6BUS', 'DTY6BUS', 'A', NULL, 'US', NULL, NULL, NULL, NULL, 'S', NULL, NULL, 100
      , 4, 1, 'N', 'USD', 1, 'EA', 'N', '+', 'N', 'N', 'N', 'Y');
      INSERT INTO ELC_COMP ( COMP_ID, COMP_DESC, COMP_TYPE, ASSESS_TYPE, IMPORT_COUNTRY_ID, EXPENSE_TYPE,
      UP_CHRG_TYPE, UP_CHRG_GROUP, CVB_CODE, CALC_BASIS, COST_BASIS, EXP_CATEGORY, COMP_RATE, COMP_LEVEL,
      DISPLAY_ORDER, ALWAYS_DEFAULT_IND, COMP_CURRENCY, PER_COUNT, PER_COUNT_UOM, NOM_FLAG_1, NOM_FLAG_2,
      NOM_FLAG_3, NOM_FLAG_4, NOM_FLAG_5, SYS_GENERATED_IND ) VALUES (
      'DTY6CUS', 'DTY6CUS', 'A', NULL, 'US', NULL, NULL, NULL, 'VFDUS', 'V', NULL, NULL
      , 100, 4, 1, 'N', 'USD', NULL, NULL, 'N', '+', 'N', 'N', 'N', 'Y');
      INSERT INTO ELC_COMP ( COMP_ID, COMP_DESC, COMP_TYPE, ASSESS_TYPE, IMPORT_COUNTRY_ID, EXPENSE_TYPE,
      UP_CHRG_TYPE, UP_CHRG_GROUP, CVB_CODE, CALC_BASIS, COST_BASIS, EXP_CATEGORY, COMP_RATE, COMP_LEVEL,
      DISPLAY_ORDER, ALWAYS_DEFAULT_IND, COMP_CURRENCY, PER_COUNT, PER_COUNT_UOM, NOM_FLAG_1, NOM_FLAG_2,
      NOM_FLAG_3, NOM_FLAG_4, NOM_FLAG_5, SYS_GENERATED_IND ) VALUES (
      'DTY7AUS', 'DTY7AUS', 'A', NULL, 'US', NULL, NULL, NULL, 'VFDUS', 'V', NULL, NULL
      , 100, 4, 1, 'N', 'USD', NULL, NULL, 'N', '+', 'N', 'N', 'N', 'Y');
      INSERT INTO ELC_COMP ( COMP_ID, COMP_DESC, COMP_TYPE, ASSESS_TYPE, IMPORT_COUNTRY_ID, EXPENSE_TYPE,
      UP_CHRG_TYPE, UP_CHRG_GROUP, CVB_CODE, CALC_BASIS, COST_BASIS, EXP_CATEGORY, COMP_RATE, COMP_LEVEL,
      DISPLAY_ORDER, ALWAYS_DEFAULT_IND, COMP_CURRENCY, PER_COUNT, PER_COUNT_UOM, NOM_FLAG_1, NOM_FLAG_2,
      NOM_FLAG_3, NOM_FLAG_4, NOM_FLAG_5, SYS_GENERATED_IND ) VALUES (
      'DTY9AUS', 'DTY9AUS', 'A', NULL, 'US', NULL, NULL, NULL, 'VFDUS', 'V', NULL, NULL
      , 100, 4, 1, 'N', 'USD', NULL, NULL, 'N', '+', 'N', 'N', 'N', 'Y');
      INSERT INTO ELC_COMP ( COMP_ID, COMP_DESC, COMP_TYPE, ASSESS_TYPE, IMPORT_COUNTRY_ID, EXPENSE_TYPE,
      UP_CHRG_TYPE, UP_CHRG_GROUP, CVB_CODE, CALC_BASIS, COST_BASIS, EXP_CATEGORY, COMP_RATE, COMP_LEVEL,
      DISPLAY_ORDER, ALWAYS_DEFAULT_IND, COMP_CURRENCY, PER_COUNT, PER_COUNT_UOM, NOM_FLAG_1, NOM_FLAG_2,
      NOM_FLAG_3, NOM_FLAG_4, NOM_FLAG_5, SYS_GENERATED_IND ) VALUES (
      'DTYCAUS', 'DTYCAUS', 'A', NULL, 'US', NULL, NULL, NULL, NULL, 'S', NULL, NULL, 100
      , 4, 1, 'N', 'USD', 1, 'EA', 'N', '+', 'N', 'N', 'N', 'Y');
      INSERT INTO ELC_COMP ( COMP_ID, COMP_DESC, COMP_TYPE, ASSESS_TYPE, IMPORT_COUNTRY_ID, EXPENSE_TYPE,
      UP_CHRG_TYPE, UP_CHRG_GROUP, CVB_CODE, CALC_BASIS, COST_BASIS, EXP_CATEGORY, COMP_RATE, COMP_LEVEL,
      DISPLAY_ORDER, ALWAYS_DEFAULT_IND, COMP_CURRENCY, PER_COUNT, PER_COUNT_UOM, NOM_FLAG_1, NOM_FLAG_2,
      NOM_FLAG_3, NOM_FLAG_4, NOM_FLAG_5, SYS_GENERATED_IND ) VALUES (
      'DTYDAUS', 'DTYDAUS', 'A', NULL, 'US', NULL, NULL, NULL, NULL, 'S', NULL, NULL, 1
      , 4, 1, 'N', 'USD', 1, 'EA', 'N', '+', 'N', 'N', 'N', 'Y');
      INSERT INTO ELC_COMP ( COMP_ID, COMP_DESC, COMP_TYPE, ASSESS_TYPE, IMPORT_COUNTRY_ID, EXPENSE_TYPE,
      UP_CHRG_TYPE, UP_CHRG_GROUP, CVB_CODE, CALC_BASIS, COST_BASIS, EXP_CATEGORY, COMP_RATE, COMP_LEVEL,
      DISPLAY_ORDER, ALWAYS_DEFAULT_IND, COMP_CURRENCY, PER_COUNT, PER_COUNT_UOM, NOM_FLAG_1, NOM_FLAG_2,
      NOM_FLAG_3, NOM_FLAG_4, NOM_FLAG_5, SYS_GENERATED_IND ) VALUES (
      'DTYDBUS', 'DTYDBUS', 'A', NULL, 'US', NULL, NULL, NULL, 'VFDUS', 'V', NULL, NULL
      , 100, 4, 1, 'N', 'USD', NULL, NULL, 'N', '+', 'N', 'N', 'N', 'Y');
      INSERT INTO ELC_COMP ( COMP_ID, COMP_DESC, COMP_TYPE, ASSESS_TYPE, IMPORT_COUNTRY_ID, EXPENSE_TYPE,
      UP_CHRG_TYPE, UP_CHRG_GROUP, CVB_CODE, CALC_BASIS, COST_BASIS, EXP_CATEGORY, COMP_RATE, COMP_LEVEL,
      DISPLAY_ORDER, ALWAYS_DEFAULT_IND, COMP_CURRENCY, PER_COUNT, PER_COUNT_UOM, NOM_FLAG_1, NOM_FLAG_2,
      NOM_FLAG_3, NOM_FLAG_4, NOM_FLAG_5, SYS_GENERATED_IND ) VALUES (
      'DTYEAUS', 'DTYEAUS', 'A', NULL, 'US', NULL, NULL, NULL, NULL, 'S', NULL, NULL, 100
      , 4, 1, 'N', 'USD', 1, 'EA', 'N', '+', 'N', 'N', 'N', 'Y');
      INSERT INTO ELC_COMP ( COMP_ID, COMP_DESC, COMP_TYPE, ASSESS_TYPE, IMPORT_COUNTRY_ID, EXPENSE_TYPE,
      UP_CHRG_TYPE, UP_CHRG_GROUP, CVB_CODE, CALC_BASIS, COST_BASIS, EXP_CATEGORY, COMP_RATE, COMP_LEVEL,
      DISPLAY_ORDER, ALWAYS_DEFAULT_IND, COMP_CURRENCY, PER_COUNT, PER_COUNT_UOM, NOM_FLAG_1, NOM_FLAG_2,
      NOM_FLAG_3, NOM_FLAG_4, NOM_FLAG_5, SYS_GENERATED_IND ) VALUES (
      'DTYEBUS', 'DTYEBUS', 'A', NULL, 'US', NULL, NULL, NULL, NULL, 'S', NULL, NULL, 100
      , 4, 2, 'N', 'USD', 1, 'EA', 'N', '+', 'N', 'N', 'N', 'Y');
      INSERT INTO ELC_COMP ( COMP_ID, COMP_DESC, COMP_TYPE, ASSESS_TYPE, IMPORT_COUNTRY_ID, EXPENSE_TYPE,
      UP_CHRG_TYPE, UP_CHRG_GROUP, CVB_CODE, CALC_BASIS, COST_BASIS, EXP_CATEGORY, COMP_RATE, COMP_LEVEL,
      DISPLAY_ORDER, ALWAYS_DEFAULT_IND, COMP_CURRENCY, PER_COUNT, PER_COUNT_UOM, NOM_FLAG_1, NOM_FLAG_2,
      NOM_FLAG_3, NOM_FLAG_4, NOM_FLAG_5, SYS_GENERATED_IND ) VALUES (
      'DTYECUS', 'DTYECUS', 'A', NULL, 'US', NULL, NULL, NULL, 'VFDUS', 'V', NULL, NULL
      , 100, 4, 1, 'N', 'USD', NULL, NULL, 'N', '+', 'N', 'N', 'N', 'Y');
      INSERT INTO ELC_COMP ( COMP_ID, COMP_DESC, COMP_TYPE, ASSESS_TYPE, IMPORT_COUNTRY_ID, EXPENSE_TYPE,
      UP_CHRG_TYPE, UP_CHRG_GROUP, CVB_CODE, CALC_BASIS, COST_BASIS, EXP_CATEGORY, COMP_RATE, COMP_LEVEL,
      DISPLAY_ORDER, ALWAYS_DEFAULT_IND, COMP_CURRENCY, PER_COUNT, PER_COUNT_UOM, NOM_FLAG_1, NOM_FLAG_2,
      NOM_FLAG_3, NOM_FLAG_4, NOM_FLAG_5, SYS_GENERATED_IND ) VALUES (
      'DUTYUS', 'DUTY US', 'A', NULL, 'US', NULL, NULL, NULL, 'DUTYUS', 'V', NULL, NULL
      , 100, 5, 2, 'N', 'USD', NULL, NULL, 'N', 'N', 'N', 'N', 'N', 'Y');
      INSERT INTO ELC_COMP ( COMP_ID, COMP_DESC, COMP_TYPE, ASSESS_TYPE, IMPORT_COUNTRY_ID, EXPENSE_TYPE,
      UP_CHRG_TYPE, UP_CHRG_GROUP, CVB_CODE, CALC_BASIS, COST_BASIS, EXP_CATEGORY, COMP_RATE, COMP_LEVEL,
      DISPLAY_ORDER, ALWAYS_DEFAULT_IND, COMP_CURRENCY, PER_COUNT, PER_COUNT_UOM, NOM_FLAG_1, NOM_FLAG_2,
      NOM_FLAG_3, NOM_FLAG_4, NOM_FLAG_5, SYS_GENERATED_IND ) VALUES (
      'TDTYUS', 'Total Duty US', 'A', NULL, 'US', NULL, NULL, NULL, 'TDTYUS', 'V', NULL
      , NULL, 100, 99, 99, 'Y', 'USD', NULL, NULL, 'N', 'N', 'N', 'N', 'N', 'Y');
      INSERT INTO ELC_COMP ( COMP_ID, COMP_DESC, COMP_TYPE, ASSESS_TYPE, IMPORT_COUNTRY_ID, EXPENSE_TYPE,
      UP_CHRG_TYPE, UP_CHRG_GROUP, CVB_CODE, CALC_BASIS, COST_BASIS, EXP_CATEGORY, COMP_RATE, COMP_LEVEL,
      DISPLAY_ORDER, ALWAYS_DEFAULT_IND, COMP_CURRENCY, PER_COUNT, PER_COUNT_UOM, NOM_FLAG_1, NOM_FLAG_2,
      NOM_FLAG_3, NOM_FLAG_4, NOM_FLAG_5, SYS_GENERATED_IND ) VALUES (
      '0161AUS', '0161AUS', 'A', '016', 'US', NULL, NULL, NULL, NULL, 'S', NULL, NULL, 100
      , 4, 3, 'N', 'USD', 1, 'EA', 'N', '+', 'N', 'N', 'N', 'Y');
      INSERT INTO ELC_COMP ( COMP_ID, COMP_DESC, COMP_TYPE, ASSESS_TYPE, IMPORT_COUNTRY_ID, EXPENSE_TYPE,
      UP_CHRG_TYPE, UP_CHRG_GROUP, CVB_CODE, CALC_BASIS, COST_BASIS, EXP_CATEGORY, COMP_RATE, COMP_LEVEL,
      DISPLAY_ORDER, ALWAYS_DEFAULT_IND, COMP_CURRENCY, PER_COUNT, PER_COUNT_UOM, NOM_FLAG_1, NOM_FLAG_2,
      NOM_FLAG_3, NOM_FLAG_4, NOM_FLAG_5, SYS_GENERATED_IND ) VALUES (
      '0171AUS', '0171AUS', 'A', '017', 'US', NULL, NULL, NULL, NULL, 'S', NULL, NULL, 100
      , 4, 3, 'N', 'USD', 1, 'EA', 'N', '+', 'N', 'N', 'N', 'Y');
      INSERT INTO ELC_COMP ( COMP_ID, COMP_DESC, COMP_TYPE, ASSESS_TYPE, IMPORT_COUNTRY_ID, EXPENSE_TYPE,
      UP_CHRG_TYPE, UP_CHRG_GROUP, CVB_CODE, CALC_BASIS, COST_BASIS, EXP_CATEGORY, COMP_RATE, COMP_LEVEL,
      DISPLAY_ORDER, ALWAYS_DEFAULT_IND, COMP_CURRENCY, PER_COUNT, PER_COUNT_UOM, NOM_FLAG_1, NOM_FLAG_2,
      NOM_FLAG_3, NOM_FLAG_4, NOM_FLAG_5, SYS_GENERATED_IND ) VALUES (
      '017CAUS', '017CAUS', 'A', '017', 'US', NULL, NULL, NULL, NULL, 'S', NULL, NULL, 100
      , 4, 3, 'N', 'USD', 1, 'EA', 'N', '+', 'N', 'N', 'N', 'Y');
      INSERT INTO ELC_COMP ( COMP_ID, COMP_DESC, COMP_TYPE, ASSESS_TYPE, IMPORT_COUNTRY_ID, EXPENSE_TYPE,
      UP_CHRG_TYPE, UP_CHRG_GROUP, CVB_CODE, CALC_BASIS, COST_BASIS, EXP_CATEGORY, COMP_RATE, COMP_LEVEL,
      DISPLAY_ORDER, ALWAYS_DEFAULT_IND, COMP_CURRENCY, PER_COUNT, PER_COUNT_UOM, NOM_FLAG_1, NOM_FLAG_2,
      NOM_FLAG_3, NOM_FLAG_4, NOM_FLAG_5, SYS_GENERATED_IND ) VALUES (
      '0181AUS', '0181AUS', 'A', '018', 'US', NULL, NULL, NULL, NULL, 'S', NULL, NULL, 100
      , 4, 3, 'N', 'USD', 1, 'EA', 'N', '+', 'N', 'N', 'N', 'Y');
      INSERT INTO ELC_COMP ( COMP_ID, COMP_DESC, COMP_TYPE, ASSESS_TYPE, IMPORT_COUNTRY_ID, EXPENSE_TYPE,
      UP_CHRG_TYPE, UP_CHRG_GROUP, CVB_CODE, CALC_BASIS, COST_BASIS, EXP_CATEGORY, COMP_RATE, COMP_LEVEL,
      DISPLAY_ORDER, ALWAYS_DEFAULT_IND, COMP_CURRENCY, PER_COUNT, PER_COUNT_UOM, NOM_FLAG_1, NOM_FLAG_2,
      NOM_FLAG_3, NOM_FLAG_4, NOM_FLAG_5, SYS_GENERATED_IND ) VALUES (
      '0221AUS', '0221AUS', 'A', '022', 'US', NULL, NULL, NULL, NULL, 'S', NULL, NULL, 100
      , 4, 3, 'N', 'USD', 1, 'EA', 'N', '+', 'N', 'N', 'N', 'Y');
      INSERT INTO ELC_COMP ( COMP_ID, COMP_DESC, COMP_TYPE, ASSESS_TYPE, IMPORT_COUNTRY_ID, EXPENSE_TYPE,
      UP_CHRG_TYPE, UP_CHRG_GROUP, CVB_CODE, CALC_BASIS, COST_BASIS, EXP_CATEGORY, COMP_RATE, COMP_LEVEL,
      DISPLAY_ORDER, ALWAYS_DEFAULT_IND, COMP_CURRENCY, PER_COUNT, PER_COUNT_UOM, NOM_FLAG_1, NOM_FLAG_2,
      NOM_FLAG_3, NOM_FLAG_4, NOM_FLAG_5, SYS_GENERATED_IND ) VALUES (
      '0531AUS', '0531AUS', 'A', '053', 'US', NULL, NULL, NULL, NULL, 'S', NULL, NULL, 100
      , 4, 3, 'N', 'USD', 1, 'EA', 'N', '+', 'N', 'N', 'N', 'Y');
      INSERT INTO ELC_COMP ( COMP_ID, COMP_DESC, COMP_TYPE, ASSESS_TYPE, IMPORT_COUNTRY_ID, EXPENSE_TYPE,
      UP_CHRG_TYPE, UP_CHRG_GROUP, CVB_CODE, CALC_BASIS, COST_BASIS, EXP_CATEGORY, COMP_RATE, COMP_LEVEL,
      DISPLAY_ORDER, ALWAYS_DEFAULT_IND, COMP_CURRENCY, PER_COUNT, PER_COUNT_UOM, NOM_FLAG_1, NOM_FLAG_2,
      NOM_FLAG_3, NOM_FLAG_4, NOM_FLAG_5, SYS_GENERATED_IND ) VALUES (
      '0541AUS', '0541AUS', 'A', '054', 'US', NULL, NULL, NULL, NULL, 'S', NULL, NULL, 100
      , 4, 3, 'N', 'USD', 1, 'EA', 'N', '+', 'N', 'N', 'N', 'Y');
      INSERT INTO ELC_COMP ( COMP_ID, COMP_DESC, COMP_TYPE, ASSESS_TYPE, IMPORT_COUNTRY_ID, EXPENSE_TYPE,
      UP_CHRG_TYPE, UP_CHRG_GROUP, CVB_CODE, CALC_BASIS, COST_BASIS, EXP_CATEGORY, COMP_RATE, COMP_LEVEL,
      DISPLAY_ORDER, ALWAYS_DEFAULT_IND, COMP_CURRENCY, PER_COUNT, PER_COUNT_UOM, NOM_FLAG_1, NOM_FLAG_2,
      NOM_FLAG_3, NOM_FLAG_4, NOM_FLAG_5, SYS_GENERATED_IND ) VALUES (
      '0551AUS', '0551AUS', 'A', '055', 'US', NULL, NULL, NULL, NULL, 'S', NULL, NULL, 100
      , 4, 3, 'N', 'USD', 1, 'EA', 'N', '+', 'N', 'N', 'N', 'Y');
      INSERT INTO ELC_COMP ( COMP_ID, COMP_DESC, COMP_TYPE, ASSESS_TYPE, IMPORT_COUNTRY_ID, EXPENSE_TYPE,
      UP_CHRG_TYPE, UP_CHRG_GROUP, CVB_CODE, CALC_BASIS, COST_BASIS, EXP_CATEGORY, COMP_RATE, COMP_LEVEL,
      DISPLAY_ORDER, ALWAYS_DEFAULT_IND, COMP_CURRENCY, PER_COUNT, PER_COUNT_UOM, NOM_FLAG_1, NOM_FLAG_2,
      NOM_FLAG_3, NOM_FLAG_4, NOM_FLAG_5, SYS_GENERATED_IND ) VALUES (
      '0561AUS', '0561AUS', 'A', '056', 'US', NULL, NULL, NULL, NULL, 'S', NULL, NULL, 100
      , 4, 3, 'N', 'USD', 1, 'EA', 'N', '+', 'N', 'N', 'N', 'Y');
      INSERT INTO ELC_COMP ( COMP_ID, COMP_DESC, COMP_TYPE, ASSESS_TYPE, IMPORT_COUNTRY_ID, EXPENSE_TYPE,
      UP_CHRG_TYPE, UP_CHRG_GROUP, CVB_CODE, CALC_BASIS, COST_BASIS, EXP_CATEGORY, COMP_RATE, COMP_LEVEL,
      DISPLAY_ORDER, ALWAYS_DEFAULT_IND, COMP_CURRENCY, PER_COUNT, PER_COUNT_UOM, NOM_FLAG_1, NOM_FLAG_2,
      NOM_FLAG_3, NOM_FLAG_4, NOM_FLAG_5, SYS_GENERATED_IND ) VALUES (
      '0562AUS', '0562AUS', 'A', '056', 'US', NULL, NULL, NULL, NULL, 'S', NULL, NULL, 100
      , 4, 3, 'N', 'USD', 1, 'EA', 'N', '+', 'N', 'N', 'N', 'Y');
      INSERT INTO ELC_COMP ( COMP_ID, COMP_DESC, COMP_TYPE, ASSESS_TYPE, IMPORT_COUNTRY_ID, EXPENSE_TYPE,
      UP_CHRG_TYPE, UP_CHRG_GROUP, CVB_CODE, CALC_BASIS, COST_BASIS, EXP_CATEGORY, COMP_RATE, COMP_LEVEL,
      DISPLAY_ORDER, ALWAYS_DEFAULT_IND, COMP_CURRENCY, PER_COUNT, PER_COUNT_UOM, NOM_FLAG_1, NOM_FLAG_2,
      NOM_FLAG_3, NOM_FLAG_4, NOM_FLAG_5, SYS_GENERATED_IND ) VALUES (
      '0901AUS', '0901AUS', 'A', '090', 'US', NULL, NULL, NULL, NULL, 'S', NULL, NULL, 100
      , 4, 3, 'N', 'USD', 1, 'EA', 'N', '+', 'N', 'N', 'N', 'Y');
      INSERT INTO ELC_COMP ( COMP_ID, COMP_DESC, COMP_TYPE, ASSESS_TYPE, IMPORT_COUNTRY_ID, EXPENSE_TYPE,
      UP_CHRG_TYPE, UP_CHRG_GROUP, CVB_CODE, CALC_BASIS, COST_BASIS, EXP_CATEGORY, COMP_RATE, COMP_LEVEL,
      DISPLAY_ORDER, ALWAYS_DEFAULT_IND, COMP_CURRENCY, PER_COUNT, PER_COUNT_UOM, NOM_FLAG_1, NOM_FLAG_2,
      NOM_FLAG_3, NOM_FLAG_4, NOM_FLAG_5, SYS_GENERATED_IND ) VALUES (
      '1041AUS', '1041AUS', 'A', '104', 'US', NULL, NULL, NULL, NULL, 'S', NULL, NULL, 100
      , 4, 3, 'N', 'USD', 1, 'EA', 'N', '+', 'N', 'N', 'N', 'Y');
      INSERT INTO ELC_COMP ( COMP_ID, COMP_DESC, COMP_TYPE, ASSESS_TYPE, IMPORT_COUNTRY_ID, EXPENSE_TYPE,
      UP_CHRG_TYPE, UP_CHRG_GROUP, CVB_CODE, CALC_BASIS, COST_BASIS, EXP_CATEGORY, COMP_RATE, COMP_LEVEL,
      DISPLAY_ORDER, ALWAYS_DEFAULT_IND, COMP_CURRENCY, PER_COUNT, PER_COUNT_UOM, NOM_FLAG_1, NOM_FLAG_2,
      NOM_FLAG_3, NOM_FLAG_4, NOM_FLAG_5, SYS_GENERATED_IND ) VALUES (
      '0547AUS', '0547AUS', 'A', '054', 'US', NULL, NULL, NULL, 'VFDUS', 'V', NULL, NULL, 100, 4, 3, 'N', 'USD', NULL, NULL, 'N', '+', 'N', 'N', 'N', 'Y');
      ---
      INSERT INTO ELC_COMP ( COMP_ID, COMP_DESC, COMP_TYPE, ASSESS_TYPE, IMPORT_COUNTRY_ID, EXPENSE_TYPE,
      UP_CHRG_TYPE, UP_CHRG_GROUP, CVB_CODE, CALC_BASIS, COST_BASIS, EXP_CATEGORY, COMP_RATE, COMP_LEVEL,
      DISPLAY_ORDER, ALWAYS_DEFAULT_IND, COMP_CURRENCY, PER_COUNT, PER_COUNT_UOM, NOM_FLAG_1, NOM_FLAG_2,
      NOM_FLAG_3, NOM_FLAG_4, NOM_FLAG_5, SYS_GENERATED_IND ) VALUES (
      'INSINT', 'International Insurance', 'E', NULL, NULL, 'C', NULL, NULL, NULL, 'S', NULL
      , 'M', 1.5, 2, 1, 'N', 'USD', 1, 'EA', 'N', 'N', 'N', '+', 'N', 'N');
      INSERT INTO ELC_COMP ( COMP_ID, COMP_DESC, COMP_TYPE, ASSESS_TYPE, IMPORT_COUNTRY_ID, EXPENSE_TYPE,
      UP_CHRG_TYPE, UP_CHRG_GROUP, CVB_CODE, CALC_BASIS, COST_BASIS, EXP_CATEGORY, COMP_RATE, COMP_LEVEL,
      DISPLAY_ORDER, ALWAYS_DEFAULT_IND, COMP_CURRENCY, PER_COUNT, PER_COUNT_UOM, NOM_FLAG_1, NOM_FLAG_2,
      NOM_FLAG_3, NOM_FLAG_4, NOM_FLAG_5, SYS_GENERATED_IND ) VALUES (
      '200', 'Air Freight', 'E', NULL, NULL, 'Z', NULL, NULL, NULL, 'S', NULL, 'M', 3, 1
      , 1, 'N', 'USD', 1, 'CBM', 'N', 'N', 'N', 'N', 'N', 'N');
      INSERT INTO ELC_COMP ( COMP_ID, COMP_DESC, COMP_TYPE, ASSESS_TYPE, IMPORT_COUNTRY_ID, EXPENSE_TYPE,
      UP_CHRG_TYPE, UP_CHRG_GROUP, CVB_CODE, CALC_BASIS, COST_BASIS, EXP_CATEGORY, COMP_RATE, COMP_LEVEL,
      DISPLAY_ORDER, ALWAYS_DEFAULT_IND, COMP_CURRENCY, PER_COUNT, PER_COUNT_UOM, NOM_FLAG_1, NOM_FLAG_2,
      NOM_FLAG_3, NOM_FLAG_4, NOM_FLAG_5, SYS_GENERATED_IND )
      VALUES ('300', 'Overland Freight', 'E', NULL, NULL, 'Z', NULL, NULL, NULL, 'V', 'O', 'M', 1
      , 1, 1, 'N', 'USD', NULL, NULL, 'N', 'N', 'N', 'N', 'N', 'N');

      INSERT INTO ELC_COMP ( COMP_ID, COMP_DESC, COMP_TYPE, ASSESS_TYPE, IMPORT_COUNTRY_ID, EXPENSE_TYPE,
      UP_CHRG_TYPE, UP_CHRG_GROUP, CVB_CODE, CALC_BASIS, COST_BASIS, EXP_CATEGORY, COMP_RATE, COMP_LEVEL,
      DISPLAY_ORDER, ALWAYS_DEFAULT_IND, COMP_CURRENCY, PER_COUNT, PER_COUNT_UOM, NOM_FLAG_1, NOM_FLAG_2,
      NOM_FLAG_3, NOM_FLAG_4, NOM_FLAG_5, SYS_GENERATED_IND )
      VALUES ('60', '3rd Party Logistics', 'E', NULL, NULL, 'C', NULL, NULL, NULL, 'S', NULL, 'M'
      , 2.1, 1, 1, 'N', 'USD', 1, 'M3', 'N', 'N', 'N', 'N', 'N', 'N');

      INSERT INTO ELC_COMP ( COMP_ID, COMP_DESC, COMP_TYPE, ASSESS_TYPE, IMPORT_COUNTRY_ID, EXPENSE_TYPE,
      UP_CHRG_TYPE, UP_CHRG_GROUP, CVB_CODE, CALC_BASIS, COST_BASIS, EXP_CATEGORY, COMP_RATE, COMP_LEVEL,
      DISPLAY_ORDER, ALWAYS_DEFAULT_IND, COMP_CURRENCY, PER_COUNT, PER_COUNT_UOM, NOM_FLAG_1, NOM_FLAG_2,
      NOM_FLAG_3, NOM_FLAG_4, NOM_FLAG_5, SYS_GENERATED_IND )
      VALUES ('55', 'Deconsolidation Fees', 'E', NULL, NULL, 'Z', NULL, NULL, NULL, 'S', NULL, 'M'
      , 1.6, 1, 1, 'N', 'USD', 1, 'M3', 'N', 'N', 'N', 'N', 'N', 'N');
      INSERT INTO ELC_COMP ( COMP_ID, COMP_DESC, COMP_TYPE, ASSESS_TYPE, IMPORT_COUNTRY_ID, EXPENSE_TYPE,
      UP_CHRG_TYPE, UP_CHRG_GROUP, CVB_CODE, CALC_BASIS, COST_BASIS, EXP_CATEGORY, COMP_RATE, COMP_LEVEL,
      DISPLAY_ORDER, ALWAYS_DEFAULT_IND, COMP_CURRENCY, PER_COUNT, PER_COUNT_UOM, NOM_FLAG_1, NOM_FLAG_2,
      NOM_FLAG_3, NOM_FLAG_4, NOM_FLAG_5, SYS_GENERATED_IND ) VALUES (
      'ICING', 'Icing Charges', 'E', NULL, NULL, 'Z', NULL, NULL, NULL, 'S', NULL, 'M', 0.1, 1, 1, 'N', 'USD', 1, 'CS', 'N', 'N', 'N', 'N', 'N', 'N');
      ---

      INSERT INTO CVB_DETAIL ( CVB_CODE, COMP_ID, COMBO_OPER ) VALUES (
      'SELLCOMM', 'ORDCST', '+');
      INSERT INTO CVB_DETAIL ( CVB_CODE, COMP_ID, COMBO_OPER ) VALUES (
      'SELLCOMM', 'OCFRT', '+');
      INSERT INTO CVB_DETAIL ( CVB_CODE, COMP_ID, COMBO_OPER ) VALUES (
      'SELLCOMM', 'INSUR', '+');
      INSERT INTO CVB_DETAIL ( CVB_CODE, COMP_ID, COMBO_OPER ) VALUES (
      'VFDUS', 'ORDCST', '+');
      INSERT INTO CVB_DETAIL ( CVB_CODE, COMP_ID, COMBO_OPER ) VALUES (
      'VFD25US', 'VFD25US', '+');
      INSERT INTO CVB_DETAIL ( CVB_CODE, COMP_ID, COMBO_OPER ) VALUES (
      'VFD50US', 'VFD50US', '+');
      INSERT INTO CVB_DETAIL ( CVB_CODE, COMP_ID, COMBO_OPER ) VALUES (
      'VFD75US', 'VFD75US', '+');
      INSERT INTO CVB_DETAIL ( CVB_CODE, COMP_ID, COMBO_OPER ) VALUES (
      'DUTYUS', 'DTY0AUS', '+');
      INSERT INTO CVB_DETAIL ( CVB_CODE, COMP_ID, COMBO_OPER ) VALUES (
      'DUTYUS', 'DTY1AUS', '+');
      INSERT INTO CVB_DETAIL ( CVB_CODE, COMP_ID, COMBO_OPER ) VALUES (
      'DUTYUS', 'DTY2AUS', '+');
      INSERT INTO CVB_DETAIL ( CVB_CODE, COMP_ID, COMBO_OPER ) VALUES (
      'DUTYUS', 'DTY3AUS', '+');
      INSERT INTO CVB_DETAIL ( CVB_CODE, COMP_ID, COMBO_OPER ) VALUES (
      'DUTYUS', 'DTY3BUS', '+');
      INSERT INTO CVB_DETAIL ( CVB_CODE, COMP_ID, COMBO_OPER ) VALUES (
      'DUTYUS', 'DTY4AUS', '+');
      INSERT INTO CVB_DETAIL ( CVB_CODE, COMP_ID, COMBO_OPER ) VALUES (
      'DUTYUS', 'DTY4BUS', '+');
      INSERT INTO CVB_DETAIL ( CVB_CODE, COMP_ID, COMBO_OPER ) VALUES (
      'DUTYUS', 'DTY5AUS', '+');
      INSERT INTO CVB_DETAIL ( CVB_CODE, COMP_ID, COMBO_OPER ) VALUES (
      'DUTYUS', 'DTY5BUS', '+');
      INSERT INTO CVB_DETAIL ( CVB_CODE, COMP_ID, COMBO_OPER ) VALUES (
      'DUTYUS', 'DTY6AUS', '+');
      INSERT INTO CVB_DETAIL ( CVB_CODE, COMP_ID, COMBO_OPER ) VALUES (
      'DUTYUS', 'DTY6BUS', '+');
      INSERT INTO CVB_DETAIL ( CVB_CODE, COMP_ID, COMBO_OPER ) VALUES (
      'DUTYUS', 'DTY6CUS', '+');
      INSERT INTO CVB_DETAIL ( CVB_CODE, COMP_ID, COMBO_OPER ) VALUES (
      'DUTYUS', 'DTY7AUS', '+');
      INSERT INTO CVB_DETAIL ( CVB_CODE, COMP_ID, COMBO_OPER ) VALUES (
      'DUTYUS', 'DTY9AUS', '+');
      INSERT INTO CVB_DETAIL ( CVB_CODE, COMP_ID, COMBO_OPER ) VALUES (
      'DUTYUS', 'DTYCAUS', '+');
      INSERT INTO CVB_DETAIL ( CVB_CODE, COMP_ID, COMBO_OPER ) VALUES (
      'DUTYUS', 'DTYDAUS', '+');
      INSERT INTO CVB_DETAIL ( CVB_CODE, COMP_ID, COMBO_OPER ) VALUES (
      'DUTYUS', 'DTYDBUS', '+');
      INSERT INTO CVB_DETAIL ( CVB_CODE, COMP_ID, COMBO_OPER ) VALUES (
      'DUTYUS', 'DTYEAUS', '+');
      INSERT INTO CVB_DETAIL ( CVB_CODE, COMP_ID, COMBO_OPER ) VALUES (
      'DUTYUS', 'DTYEBUS', '+');
      INSERT INTO CVB_DETAIL ( CVB_CODE, COMP_ID, COMBO_OPER ) VALUES (
      'DUTYUS', 'DTYECUS', '+');
      ---
      update elc_comp set comp_rate = .21  where comp_id like 'MPF%';
      update elc_comp set comp_rate = .125 where comp_id like 'HMF%';
	  
	end if;
---
END;
/
REM ****** (commiting...) ********************************************
commit;

