REM
REM DELETE FROM THE FLEXFIELD CONFIGURATION TABLES
REM


DELETE FROM EXT_ENTITY_KEY_DESCS;
DELETE FROM L10N_CODE_DETAIL_DESCS;
DELETE FROM L10N_REC_GROUP_DESCS;
DELETE FROM L10N_ATTRIB_GROUP_DESCS;
DELETE FROM L10N_ATTRIB_DESCS;
DELETE FROM L10N_MENU_DESCS;

DELETE FROM L10N_ATTRIB;
DELETE FROM L10N_ATTRIB_GROUP;
DELETE FROM L10N_REC_GROUP;
DELETE FROM L10N_CODE_HEAD;
DELETE FROM L10N_EXT_ENTITY_VAL;
DELETE FROM EXT_ENTITY_KEY;
DELETE FROM EXT_ENTITY;
DELETE FROM L10N_MENU_PARAMETER;
DELETE FROM L10N_MENU;


REM
REM INSERTING into EXT_ENTITY
REM

PROMPT INSERTING into EXT_ENTITY

Insert into EXT_ENTITY (EXT_ENTITY_ID,BASE_RMS_TABLE,L10N_EXT_TABLE,BASE_IND) values (1,'TSF_ENTITY','TSF_ENTITY_L10N_EXT','Y');
Insert into EXT_ENTITY (EXT_ENTITY_ID,BASE_RMS_TABLE,L10N_EXT_TABLE,BASE_IND) values (2,'WH','WH_L10N_EXT','Y');
Insert into EXT_ENTITY (EXT_ENTITY_ID,BASE_RMS_TABLE,L10N_EXT_TABLE,BASE_IND) values (3,'STORE','STORE_L10N_EXT','Y');
Insert into EXT_ENTITY (EXT_ENTITY_ID,BASE_RMS_TABLE,L10N_EXT_TABLE,BASE_IND) values (4,'OUTLOC','OUTLOC_L10N_EXT','Y');
Insert into EXT_ENTITY (EXT_ENTITY_ID,BASE_RMS_TABLE,L10N_EXT_TABLE,BASE_IND) values (5,'SUPS','SUPS_L10N_EXT','Y');
Insert into EXT_ENTITY (EXT_ENTITY_ID,BASE_RMS_TABLE,L10N_EXT_TABLE,BASE_IND) values (6,'PARTNER','PARTNER_L10N_EXT','Y');
Insert into EXT_ENTITY (EXT_ENTITY_ID,BASE_RMS_TABLE,L10N_EXT_TABLE,BASE_IND) values (7,'ITEM_COUNTRY','ITEM_COUNTRY_L10N_EXT','Y');
Insert into EXT_ENTITY (EXT_ENTITY_ID,BASE_RMS_TABLE,L10N_EXT_TABLE,BASE_IND) values (8,'ORDHEAD','ORDHEAD_L10N_EXT','Y');
Insert into EXT_ENTITY (EXT_ENTITY_ID,BASE_RMS_TABLE,L10N_EXT_TABLE,BASE_IND) values (9,'TSFHEAD','TSFHEAD_L10N_EXT','Y');
Insert into EXT_ENTITY (EXT_ENTITY_ID,BASE_RMS_TABLE,L10N_EXT_TABLE,BASE_IND) values (10,'MRT','MRT_L10N_EXT','Y');
Insert into EXT_ENTITY (EXT_ENTITY_ID,BASE_RMS_TABLE,L10N_EXT_TABLE,BASE_IND) values (11,'COUNTRY','COUNTRY_L10N_EXT','Y');
Insert into EXT_ENTITY (EXT_ENTITY_ID,BASE_RMS_TABLE,L10N_EXT_TABLE,BASE_IND) values (12,'STORE_ADD','STORE_ADD_L10N_EXT','Y');
Insert into EXT_ENTITY (EXT_ENTITY_ID,BASE_RMS_TABLE,L10N_EXT_TABLE,BASE_IND) values (13,'FIF_GL_SETUP','FIF_GL_SETUP_L10N_EXT','Y');
Insert into EXT_ENTITY (EXT_ENTITY_ID,BASE_RMS_TABLE,L10N_EXT_TABLE,BASE_IND) values (14,'ORDCUST','ORDCUST_L10N_EXT','Y');

REM
REM INSERTING into EXT_ENTITY_KEY
REM

PROMPT INSERTING into EXT_ENTITY_KEY

Insert into EXT_ENTITY_KEY (BASE_RMS_TABLE,KEY_COL,KEY_NUMBER,DATA_TYPE,DESCRIPTION_CODE,L10N_DEPENDENCY_IND) values ('TSF_ENTITY','TSF_ENTITY_ID',1,'NUMBER','L10N_BR_FND_SQL.GET_TSF_ENTITY_DESC','N');
Insert into EXT_ENTITY_KEY (BASE_RMS_TABLE,KEY_COL,KEY_NUMBER,DATA_TYPE,DESCRIPTION_CODE,L10N_DEPENDENCY_IND) values ('WH','WH',1,'NUMBER','L10N_BR_FND_SQL.GET_WH_DESC','N');
Insert into EXT_ENTITY_KEY (BASE_RMS_TABLE,KEY_COL,KEY_NUMBER,DATA_TYPE,DESCRIPTION_CODE,L10N_DEPENDENCY_IND) values ('STORE','STORE',1,'NUMBER','L10N_BR_FND_SQL.GET_STORE_DESC','N');
Insert into EXT_ENTITY_KEY (BASE_RMS_TABLE,KEY_COL,KEY_NUMBER,DATA_TYPE,DESCRIPTION_CODE,L10N_DEPENDENCY_IND) values ('OUTLOC','OUTLOC_TYPE',1,'VARCHAR2',null,'N');
Insert into EXT_ENTITY_KEY (BASE_RMS_TABLE,KEY_COL,KEY_NUMBER,DATA_TYPE,DESCRIPTION_CODE,L10N_DEPENDENCY_IND) values ('OUTLOC','OUTLOC_ID',2,'VARCHAR2','L10N_BR_FND_SQL.GET_OUTLOC_DESC','N');
Insert into EXT_ENTITY_KEY (BASE_RMS_TABLE,KEY_COL,KEY_NUMBER,DATA_TYPE,DESCRIPTION_CODE,L10N_DEPENDENCY_IND) values ('SUPS','SUPPLIER',1,'NUMBER','L10N_BR_FND_SQL.GET_SUPPLIER_DESC','N');
Insert into EXT_ENTITY_KEY (BASE_RMS_TABLE,KEY_COL,KEY_NUMBER,DATA_TYPE,DESCRIPTION_CODE,L10N_DEPENDENCY_IND) values ('PARTNER','PARTNER_TYPE',1,'VARCHAR2',null,'N');
Insert into EXT_ENTITY_KEY (BASE_RMS_TABLE,KEY_COL,KEY_NUMBER,DATA_TYPE,DESCRIPTION_CODE,L10N_DEPENDENCY_IND) values ('PARTNER','PARTNER_ID',2,'VARCHAR2','L10N_BR_FND_SQL.GET_PARTNER_DESC','N');
Insert into EXT_ENTITY_KEY (BASE_RMS_TABLE,KEY_COL,KEY_NUMBER,DATA_TYPE,DESCRIPTION_CODE,L10N_DEPENDENCY_IND) values ('ITEM_COUNTRY','ITEM',1,'VARCHAR2','L10N_BR_FND_SQL.GET_ITEM_DESC','N');
Insert into EXT_ENTITY_KEY (BASE_RMS_TABLE,KEY_COL,KEY_NUMBER,DATA_TYPE,DESCRIPTION_CODE,L10N_DEPENDENCY_IND) values ('ITEM_COUNTRY','COUNTRY_ID',2,'VARCHAR2','L10N_BR_FND_SQL.GET_COUNTRY_DESC','N');
Insert into EXT_ENTITY_KEY (BASE_RMS_TABLE,KEY_COL,KEY_NUMBER,DATA_TYPE,DESCRIPTION_CODE,L10N_DEPENDENCY_IND) values ('ORDHEAD','ORDER_NO',1,'NUMBER',null,'N');
Insert into EXT_ENTITY_KEY (BASE_RMS_TABLE,KEY_COL,KEY_NUMBER,DATA_TYPE,DESCRIPTION_CODE,L10N_DEPENDENCY_IND) values ('TSFHEAD','TSF_NO',1,'NUMBER',null,'N');
Insert into EXT_ENTITY_KEY (BASE_RMS_TABLE,KEY_COL,KEY_NUMBER,DATA_TYPE,DESCRIPTION_CODE,L10N_DEPENDENCY_IND) values ('MRT','MRT_NO',1,'NUMBER',null,'N');
Insert into EXT_ENTITY_KEY (BASE_RMS_TABLE,KEY_COL,KEY_NUMBER,DATA_TYPE,DESCRIPTION_CODE,L10N_DEPENDENCY_IND) values ('COUNTRY','COUNTRY_ID',1,'VARCHAR2','L10N_BR_FND_SQL.GET_COUNTRY_DESC','N');
Insert into EXT_ENTITY_KEY (BASE_RMS_TABLE,KEY_COL,KEY_NUMBER,DATA_TYPE,DESCRIPTION_CODE,L10N_DEPENDENCY_IND) values ('STORE_ADD','STORE',1,'NUMBER','L10N_BR_FND_SQL.GET_STORE_DESC','N');
Insert into EXT_ENTITY_KEY (BASE_RMS_TABLE,KEY_COL,KEY_NUMBER,DATA_TYPE,DESCRIPTION_CODE,L10N_DEPENDENCY_IND) values ('FIF_GL_SETUP','SET_OF_BOOKS_ID',1,'NUMBER','L10N_BR_FND_SQL.GET_SOB_DESC','N');
Insert into EXT_ENTITY_KEY (BASE_RMS_TABLE,KEY_COL,KEY_NUMBER,DATA_TYPE,DESCRIPTION_CODE,L10N_DEPENDENCY_IND) values ('ORDCUST','CUST_ID',1,'VARCHAR2',null,'N');
Insert into EXT_ENTITY_KEY (BASE_RMS_TABLE,KEY_COL,KEY_NUMBER,DATA_TYPE,DESCRIPTION_CODE,L10N_DEPENDENCY_IND) values ('ORDCUST','ORDCUST_SEQ_NO',2,'NUMBER',null,'N');


REM
REM INSERTING into L10N_EXT_ENTITY_VAL
REM

PROMPT INSERTING into L10N_EXT_ENTITY_VAL

Insert into L10N_EXT_ENTITY_VAL (EXT_ENTITY_ID,COUNTRY_ID,CROSS_GROUP_VALIDATION_CODE) values (1,'BR','L10N_BR_FND_SQL.CHK_SOB_TSFE_STR_OUTL_WH_ENT(:O_ERROR, :I_TAXPAYER_TYPE, :I_CNPJ, :I_IE, :I_IM,:I_IPI_IND)');
Insert into L10N_EXT_ENTITY_VAL (EXT_ENTITY_ID,COUNTRY_ID,CROSS_GROUP_VALIDATION_CODE) values (2,'BR','L10N_BR_FND_SQL.CHK_WH_ENT_POP_VWH(:O_ERROR,:I_WH,:I_COUNTRY,:I_TAXPAYER_TYPE, :I_CNPJ, :I_IE, :I_IM,:I_IPI_IND)');
Insert into L10N_EXT_ENTITY_VAL (EXT_ENTITY_ID,COUNTRY_ID,CROSS_GROUP_VALIDATION_CODE) values (3,'BR','L10N_BR_FND_SQL.CHK_STORE_ENT(:O_ERROR, :I_TAXPAYER_TYPE, :I_CNPJ, :I_IE, :I_IM,:I_IPI_IND, :I_COUNTRY, :I_STORE)');
Insert into L10N_EXT_ENTITY_VAL (EXT_ENTITY_ID,COUNTRY_ID,CROSS_GROUP_VALIDATION_CODE) values (4,'BR','L10N_BR_FND_SQL.CHK_OUTL_ENT(:O_ERROR, :I_TAXPAYER_TYPE, :I_CNPJ, :I_IE, :I_IM, :I_IPI_IND, :I_OUTLOC_TYPE, :I_OUTLOC_ID, :I_COUNTRY)');
Insert into L10N_EXT_ENTITY_VAL (EXT_ENTITY_ID,COUNTRY_ID,CROSS_GROUP_VALIDATION_CODE) values (5,'BR','L10N_BR_FND_SQL.CHK_SUPS_ENT(:O_ERROR, :I_TAXPAYER_TYPE, :I_CNPJ, :I_IE, :I_IM, :I_SUFRAMA, :I_IPI_IND, :I_ISS_CONTRIB_IND, :I_CPF, :I_NIT, :I_RURAL_PROD_IND, :I_SIMPLES_IND, :I_COUNTRY, :I_SUPPLIER)');
Insert into L10N_EXT_ENTITY_VAL (EXT_ENTITY_ID,COUNTRY_ID,CROSS_GROUP_VALIDATION_CODE) values (6,'BR','L10N_BR_FND_SQL.CHK_PTNR_ENT(:O_ERROR, :I_TAXPAYER_TYPE, :I_CNPJ, :I_IE, :I_IM,:I_IPI_IND,:I_CPF,:I_NIT,:I_PARTNER_TYPE,:I_PARTNER_ID,:I_COUNTRY)');
Insert into L10N_EXT_ENTITY_VAL (EXT_ENTITY_ID,COUNTRY_ID,CROSS_GROUP_VALIDATION_CODE) values (7,'BR','L10N_BR_ITEM_SQL.CHK_ITEM_CTRY_ENT(:O_ERROR,:I_SERVICE_IND,:I_ORIGIN_CODE,:I_CLASSIFICATION_ID,:I_NCM_CHAR_CODE,:I_EX_IPI,:I_PAUTA_CODE,:I_SERVICE_CODE,:I_FEDERAL_SERVICE,:I_STATE_OF_MANUFACTURE,:I_PHARMA_LIST_TYPE)');
Insert into L10N_EXT_ENTITY_VAL (EXT_ENTITY_ID,COUNTRY_ID,CROSS_GROUP_VALIDATION_CODE) values (12,'BR','L10N_BR_FND_SQL.CHK_STORE_ENT(:O_ERROR, :I_TAXPAYER_TYPE, :I_CNPJ, :I_IE, :I_IM,:I_IPI_IND, :I_COUNTRY, :I_STORE)');
Insert into L10N_EXT_ENTITY_VAL (EXT_ENTITY_ID,COUNTRY_ID,CROSS_GROUP_VALIDATION_CODE) values (13,'BR','L10N_BR_FND_SQL.CHK_SOB_TSFE_STR_OUTL_WH_ENT(:O_ERROR, :I_TAXPAYER_TYPE, :I_CNPJ, :I_IE, :I_IM,:I_IPI_IND)');

REM
REM INSERTING into L10N_CODE_HEAD
REM

PROMPT INSERTING into L10N_CODE_HEAD

Insert into L10N_CODE_HEAD (L10N_CODE_TYPE,COUNTRY_ID,CODE_TYPE_DESC) values ('ORME','BR','Merchandise Origin Code');
Insert into L10N_CODE_HEAD (L10N_CODE_TYPE,COUNTRY_ID,CODE_TYPE_DESC) values ('ENTY','BR','Entity Type');
Insert into L10N_CODE_HEAD (L10N_CODE_TYPE,COUNTRY_ID,CODE_TYPE_DESC) values ('MOPT','BR','Matching Operation Type');
Insert into L10N_CODE_HEAD (L10N_CODE_TYPE,COUNTRY_ID,CODE_TYPE_DESC) values ('TXCP','BR','Taxpayer Type');
Insert into L10N_CODE_HEAD (L10N_CODE_TYPE,COUNTRY_ID,CODE_TYPE_DESC) values ('PHRM','BR','Pharmaceutical List Type');
Insert into L10N_CODE_HEAD (L10N_CODE_TYPE,COUNTRY_ID,CODE_TYPE_DESC) values ('DITR','BR','Differentiated Tax Regime');

REM
REM INSERTING into L10N_REC_GROUP
REM

PROMPT INSERTING into L10N_REC_GROUP

Insert into L10N_REC_GROUP (L10N_REC_GROUP_ID,COUNTRY_ID,QUERY) values (1,'BR','select country_desc,
       country_id
  from country
 where get_primary_lang = get_user_lang 
union all 
select nvl(tl_shadow.translated_value, country_desc),
       country_id
  from tl_shadow,
       country
 where get_primary_lang != get_user_lang
   and upper(country_desc) = tl_shadow.key(+)
   and get_user_lang = tl_shadow.lang(+) 
order by 1');

Insert into L10N_REC_GROUP (L10N_REC_GROUP_ID,COUNTRY_ID,QUERY) values (2,'BR','select ncm_desc,
       ncm_code
  from l10n_br_ncm_codes
 where get_primary_lang = get_user_lang 
union all 
select nvl(tl_shadow.translated_value, ncm_desc),
       ncm_code
  from tl_shadow,
       l10n_br_ncm_codes
 where get_primary_lang != get_user_lang
   and upper(ncm_desc) = tl_shadow.key(+)
   and get_user_lang = tl_shadow.lang(+) 
order by 1');

Insert into L10N_REC_GROUP (L10N_REC_GROUP_ID,COUNTRY_ID,QUERY) values (3,'BR','select ncm_char_desc description,
       ncm_char_code value
  from l10n_br_ncm_char_codes
 where get_primary_lang = get_user_lang
   and ncm_code = nvl(:CLASSIFICATION_ID,ncm_code)
union all
select nvl(tl_shadow.translated_value, ncm_char_desc) description,
       ncm_char_code value
  from tl_shadow,
       l10n_br_ncm_char_codes
 where get_primary_lang != get_user_lang
   and upper(ncm_char_desc) = tl_shadow.key(+)
   and get_user_lang = tl_shadow.lang(+)
   and ncm_code = nvl(:CLASSIFICATION_ID,ncm_code)
order by 1');

Insert into L10N_REC_GROUP (L10N_REC_GROUP_ID,COUNTRY_ID,QUERY) values (4,'BR','select ipi_desc description,
       ipi_code value
  from l10n_br_ncm_ipi_codes
 where get_primary_lang = get_user_lang
   and ncm_code = nvl(:CLASSIFICATION_ID,ncm_code)
union all
select nvl(tl_shadow.translated_value, ipi_desc) description,
       ipi_code value
  from tl_shadow,
       l10n_br_ncm_ipi_codes
 where get_primary_lang != get_user_lang
   and upper(ipi_desc) = tl_shadow.key(+)
   and get_user_lang = tl_shadow.lang(+)
   and ncm_code = nvl(:CLASSIFICATION_ID,ncm_code)
order by 1');

Insert into L10N_REC_GROUP (L10N_REC_GROUP_ID,COUNTRY_ID,QUERY) values (5,'BR','select ncm_pauta_desc description,
       ncm_pauta_code value
  from l10n_br_ncm_pauta_codes
 where get_primary_lang = get_user_lang
   and ncm_code = nvl(:CLASSIFICATION_ID,ncm_code)
   and ncm_char_code = nvl(:NCM_CHAR_CODE,ncm_char_code)
union all
select nvl(tl_shadow.translated_value, ncm_pauta_desc) description,
       ncm_pauta_code value
  from tl_shadow,
       l10n_br_ncm_pauta_codes
 where get_primary_lang != get_user_lang
   and upper(ncm_pauta_desc) = tl_shadow.key(+)
   and get_user_lang = tl_shadow.lang(+)
   and ncm_code = nvl(:CLASSIFICATION_ID,ncm_code)
   and ncm_char_code = nvl(:NCM_CHAR_CODE,ncm_char_code)
order by 1');

Insert into L10N_REC_GROUP (L10N_REC_GROUP_ID,COUNTRY_ID,QUERY) values (6,'BR','select mastersaf_service_desc,
       mastersaf_service_code
  from l10n_br_mastersaf_svc_codes
 where get_primary_lang = get_user_lang 
union all 
select nvl(tl_shadow.translated_value, mastersaf_service_desc),
       mastersaf_service_code
  from tl_shadow,
       l10n_br_mastersaf_svc_codes
 where get_primary_lang != get_user_lang
   and upper(mastersaf_service_desc) = tl_shadow.key(+)
   and get_user_lang = tl_shadow.lang(+) 
order by 1
');



Insert into L10N_REC_GROUP (L10N_REC_GROUP_ID,COUNTRY_ID,QUERY) values (7,'BR','select jurisdiction_desc,
       jurisdiction_code
  from country_tax_jurisdiction
 where get_primary_lang = get_user_lang
   and country_id = nvl(:COUNTRY,country_id)
   and state = nvl(:STATE,state)
union all
select nvl(tl_shadow.translated_value, jurisdiction_desc),
       jurisdiction_code
  from tl_shadow,
       country_tax_jurisdiction
 where get_primary_lang != get_user_lang
   and upper(jurisdiction_desc) = tl_shadow.key(+)
   and get_user_lang = tl_shadow.lang(+)
   and country_id = nvl(:COUNTRY,country_id)
   and state = nvl(:STATE,state)
order by 1');

Insert into L10N_REC_GROUP (L10N_REC_GROUP_ID,COUNTRY_ID,QUERY) values (8,'BR','select description,
       state
  from state
 where get_primary_lang = get_user_lang 
   and country_id = nvl(:COUNTRY,country_id)
union all 
select nvl(tl_shadow.translated_value, description),
       state
  from tl_shadow,
       state
 where get_primary_lang != get_user_lang
   and upper(description) = tl_shadow.key(+)
   and get_user_lang = tl_shadow.lang(+) 
   and country_id = nvl(:COUNTRY,country_id)
order by 1');


Insert into L10N_REC_GROUP (L10N_REC_GROUP_ID,COUNTRY_ID,QUERY) values (10,'BR','select federal_service_desc,
       federal_service_code
  from l10n_br_federal_svc_codes
 where get_primary_lang = get_user_lang 
union all 
select nvl(tl_shadow.translated_value, federal_service_desc),
       federal_service_code
  from tl_shadow,
       l10n_br_federal_svc_codes
 where get_primary_lang != get_user_lang
   and upper(federal_service_desc) = tl_shadow.key(+)
   and get_user_lang = tl_shadow.lang(+) 
order by 1');

Insert into L10N_REC_GROUP (L10N_REC_GROUP_ID,COUNTRY_ID,QUERY) values (11,'BR','select utilization_desc,
           utilization_id
from fm_fiscal_utilization
where status = ''A''
and requisition_type = ''PO''');

Insert into L10N_REC_GROUP (L10N_REC_GROUP_ID,COUNTRY_ID,QUERY) values (12,'BR','select utilization_desc,
           utilization_id
from fm_fiscal_utilization
where status = ''A''
and requisition_type in (''TSF'',''IC'',''REP'')');

Insert into l10n_rec_group (L10N_REC_GROUP_ID,COUNTRY_ID,QUERY) values (13,'BR','select description,
       state
  from state
 where get_primary_lang = get_user_lang
   and country_id = nvl(:L10N_CTRY_ID,country_id)
union all
select nvl(tl_shadow.translated_value, description),
       state
  from tl_shadow,
       state
 where get_primary_lang != get_user_lang
   and upper(description) = tl_shadow.key(+)
   and get_user_lang = tl_shadow.lang(+)
   and country_id = nvl(:L10N_CTRY_ID,country_id)
order by 1');


REM
REM INSERTING into L10N_ATTRIB_GROUP
REM

PROMPT INSERTING into L10N_ATTRIB_GROUP

Insert into L10N_ATTRIB_GROUP (GROUP_ID,EXT_ENTITY_ID,COUNTRY_ID,DISPLAY_ORDER,GROUP_VIEW_NAME,GROUP_VALIDATION_CODE,BASE_IND,DEFAULT_FUNC) values (1,11,'BR',1,'V_BR_COUNTRY_ATTRIB',null,'Y',null);
Insert into L10N_ATTRIB_GROUP (GROUP_ID,EXT_ENTITY_ID,COUNTRY_ID,DISPLAY_ORDER,GROUP_VIEW_NAME,GROUP_VALIDATION_CODE,BASE_IND,DEFAULT_FUNC) values (2,7,'BR',1,'V_BR_ITEM_FISCAL_ATTRIB','L10N_BR_ITEM_SQL.CHK_FISCAL_ATTRIB_GRP(:O_ERROR,:I_SERVICE_IND,:I_ORIGIN_CODE,:I_CLASSIFICATION_ID,:I_NCM_CHAR_CODE,:I_EX_IPI,:I_PAUTA_CODE,:I_SERVICE_CODE,:I_FEDERAL_SERVICE,:I_STATE_OF_MANUFACTURE,:I_PHARMA_LIST_TYPE)','Y',null);
Insert into L10N_ATTRIB_GROUP (GROUP_ID,EXT_ENTITY_ID,COUNTRY_ID,DISPLAY_ORDER,GROUP_VIEW_NAME,GROUP_VALIDATION_CODE,BASE_IND,DEFAULT_FUNC) values (4,1,'BR',1,'V_BR_TSF_ENTITY_FISCAL_ADDR',null,'Y','L10N_BR_FND_SQL.DEFAULT_ADDRESS_TO_ATTRIB(:O_ERROR,:O_ADDR_1,:O_ADDR_2,:O_ADDR_3,:O_STATE,:O_STATE_DESCR,:O_COUNTRY,:O_COUNTRY_DESCR,:O_POSTAL_CODE,:O_JURISDICTION_CODE,:O_JURISDICTION_CODE_DESCR,:I_COMPANY,null,''COMP'')');
Insert into L10N_ATTRIB_GROUP (GROUP_ID,EXT_ENTITY_ID,COUNTRY_ID,DISPLAY_ORDER,GROUP_VIEW_NAME,GROUP_VALIDATION_CODE,BASE_IND,DEFAULT_FUNC) values (5,1,'BR',2,'V_BR_TSF_ENTITY_REG_NUM',null,'Y',null);
Insert into L10N_ATTRIB_GROUP (GROUP_ID,EXT_ENTITY_ID,COUNTRY_ID,DISPLAY_ORDER,GROUP_VIEW_NAME,GROUP_VALIDATION_CODE,BASE_IND,DEFAULT_FUNC) values (6,1,'BR',3,'V_BR_TSF_ENTITY_FISCAL_CLASS','L10N_BR_FND_SQL.CHK_FISCAL_CLASS_GRP(:O_ERROR,:I_TAXPAYER_TYPE,:I_IPI_IND)','Y',null);
Insert into L10N_ATTRIB_GROUP (GROUP_ID,EXT_ENTITY_ID,COUNTRY_ID,DISPLAY_ORDER,GROUP_VIEW_NAME,GROUP_VALIDATION_CODE,BASE_IND,DEFAULT_FUNC) values (7,2,'BR',1,'V_BR_WH_FISCAL_ADDR',null,'Y','L10N_BR_FND_SQL.DEFAULT_ADDRESS_TO_ATTRIB(:O_ERROR,:O_ADDR_1,:O_ADDR_2,:O_ADDR_3,:O_STATE,:O_STATE_DESCR,:O_COUNTRY,:O_COUNTRY_DESCR,:O_POSTAL_CODE,:O_JURISDICTION_CODE,:O_JURISDICTION_CODE_DESCR,:I_WH,null,''WH'')');
Insert into L10N_ATTRIB_GROUP (GROUP_ID,EXT_ENTITY_ID,COUNTRY_ID,DISPLAY_ORDER,GROUP_VIEW_NAME,GROUP_VALIDATION_CODE,BASE_IND,DEFAULT_FUNC) values (8,2,'BR',2,'V_BR_WH_REG_NUM','L10N_BR_FND_SQL.CHK_REG_NUM_GRP(:O_ERROR, :I_TAXPAYER_TYPE,:I_CNPJ,:I_IE,:I_IM)','Y',null);
Insert into L10N_ATTRIB_GROUP (GROUP_ID,EXT_ENTITY_ID,COUNTRY_ID,DISPLAY_ORDER,GROUP_VIEW_NAME,GROUP_VALIDATION_CODE,BASE_IND,DEFAULT_FUNC) values (9,2,'BR',3,'V_BR_WH_FISCAL_CLASS','L10N_BR_FND_SQL.CHK_FISCAL_CLASS_GRP(:O_ERROR,:I_TAXPAYER_TYPE,:I_IPI_IND)','Y',null);
Insert into L10N_ATTRIB_GROUP (GROUP_ID,EXT_ENTITY_ID,COUNTRY_ID,DISPLAY_ORDER,GROUP_VIEW_NAME,GROUP_VALIDATION_CODE,BASE_IND,DEFAULT_FUNC) values (10,2,'BR',4,'V_BR_WH_CONTROL_FLAGS',null,'Y',null);
Insert into L10N_ATTRIB_GROUP (GROUP_ID,EXT_ENTITY_ID,COUNTRY_ID,DISPLAY_ORDER,GROUP_VIEW_NAME,GROUP_VALIDATION_CODE,BASE_IND,DEFAULT_FUNC) values (11,3,'BR',1,'V_BR_STORE_FISCAL_ADDR',null,'Y','L10N_BR_FND_SQL.DEFAULT_ADDRESS_TO_ATTRIB(:O_ERROR,:O_ADDR_1,:O_ADDR_2,:O_ADDR_3,:O_STATE,:O_STATE_DESCR,:O_COUNTRY,:O_COUNTRY_DESCR,:O_POSTAL_CODE,:O_JURISDICTION_CODE,:O_JURISDICTION_CODE_DESCR,:I_STORE,null,''ST'')');
Insert into L10N_ATTRIB_GROUP (GROUP_ID,EXT_ENTITY_ID,COUNTRY_ID,DISPLAY_ORDER,GROUP_VIEW_NAME,GROUP_VALIDATION_CODE,BASE_IND,DEFAULT_FUNC) values (12,3,'BR',2,'V_BR_STORE_REG_NUM','L10N_BR_FND_SQL.CHK_REG_NUM_GRP(:O_ERROR,:I_TAXPAYER_TYPE,:I_CNPJ,:I_IE,:I_IM)','Y',null);
Insert into L10N_ATTRIB_GROUP (GROUP_ID,EXT_ENTITY_ID,COUNTRY_ID,DISPLAY_ORDER,GROUP_VIEW_NAME,GROUP_VALIDATION_CODE,BASE_IND,DEFAULT_FUNC) values (13,3,'BR',3,'V_BR_STORE_FISCAL_CLASS','L10N_BR_FND_SQL.CHK_FISCAL_CLASS_GRP(:O_ERROR,:I_TAXPAYER_TYPE,:I_IPI_IND)','Y',null);
Insert into L10N_ATTRIB_GROUP (GROUP_ID,EXT_ENTITY_ID,COUNTRY_ID,DISPLAY_ORDER,GROUP_VIEW_NAME,GROUP_VALIDATION_CODE,BASE_IND,DEFAULT_FUNC) values (14,3,'BR',4,'V_BR_STORE_CONTROL_FLAGS',null,'Y',null);
Insert into L10N_ATTRIB_GROUP (GROUP_ID,EXT_ENTITY_ID,COUNTRY_ID,DISPLAY_ORDER,GROUP_VIEW_NAME,GROUP_VALIDATION_CODE,BASE_IND,DEFAULT_FUNC) values (15,4,'BR',1,'V_BR_OUTLOC_FISCAL_ADDR',null,'Y','L10N_BR_FND_SQL.DEFAULT_ADDRESS_TO_ATTRIB(:O_ERROR,:O_ADDR_1,:O_ADDR_2,:O_ADDR_3,:O_STATE,:O_STATE_DESCR,:O_COUNTRY,:O_COUNTRY_DESCR,:O_POSTAL_CODE,:O_JURISDICTION_CODE,:O_JURISDICTION_CODE_DESCR,:I_OUTLOC_ID,:I_OUTLOC_TYPE,''OLOC'')');
Insert into L10N_ATTRIB_GROUP (GROUP_ID,EXT_ENTITY_ID,COUNTRY_ID,DISPLAY_ORDER,GROUP_VIEW_NAME,GROUP_VALIDATION_CODE,BASE_IND,DEFAULT_FUNC) values (16,4,'BR',2,'V_BR_OUTLOC_REG_NUM','L10N_BR_FND_SQL.CHK_REG_NUM_GRP(:O_ERROR,:I_TAXPAYER_TYPE,:I_CNPJ,:I_IE, :I_IM)','Y',null);
Insert into L10N_ATTRIB_GROUP (GROUP_ID,EXT_ENTITY_ID,COUNTRY_ID,DISPLAY_ORDER,GROUP_VIEW_NAME,GROUP_VALIDATION_CODE,BASE_IND,DEFAULT_FUNC) values (17,4,'BR',3,'V_BR_OUTLOC_FISCAL_CLASS','L10N_BR_FND_SQL.CHK_FISCAL_CLASS_GRP(:O_ERROR,:I_TAXPAYER_TYPE,:I_IPI_IND)','Y',null);
Insert into L10N_ATTRIB_GROUP (GROUP_ID,EXT_ENTITY_ID,COUNTRY_ID,DISPLAY_ORDER,GROUP_VIEW_NAME,GROUP_VALIDATION_CODE,BASE_IND,DEFAULT_FUNC) values (18,5,'BR',1,'V_BR_SUPS_FISCAL_ADDR',null,'Y','L10N_BR_FND_SQL.DEFAULT_ADDRESS_TO_ATTRIB(:O_ERROR,:O_ADDR_1,:O_ADDR_2,:O_ADDR_3,:O_STATE,:O_STATE_DESCR,:O_COUNTRY,:O_COUNTRY_DESCR,:O_POSTAL_CODE,:O_JURISDICTION_CODE,:O_JURISDICTION_CODE_DESCR,:I_SUPPLIER,null,''SUPP'')');
Insert into L10N_ATTRIB_GROUP (GROUP_ID,EXT_ENTITY_ID,COUNTRY_ID,DISPLAY_ORDER,GROUP_VIEW_NAME,GROUP_VALIDATION_CODE,BASE_IND,DEFAULT_FUNC) values (19,5,'BR',2,'V_BR_SUPS_REG_NUM','L10N_BR_FND_SQL.CHK_SUPP_REG_NUM_GRP(:O_ERROR,:I_TAXPAYER_TYPE,:I_CNPJ,:I_IE,:I_IM,:I_SUFRAMA,:I_CPF,:I_NIT)','Y',null);
Insert into L10N_ATTRIB_GROUP (GROUP_ID,EXT_ENTITY_ID,COUNTRY_ID,DISPLAY_ORDER,GROUP_VIEW_NAME,GROUP_VALIDATION_CODE,BASE_IND,DEFAULT_FUNC) values (20,5,'BR',3,'V_BR_SUPS_FISCAL_CLASS','L10N_BR_FND_SQL.CHK_SUPP_FISCAL_CLASS_GRP(:O_ERROR,:I_TAXPAYER_TYPE,:I_IPI_IND,:I_ISS_CONTRIB_IND,:I_RURAL_PROD_IND,:I_SIMPLES_IND)','Y',null);
Insert into L10N_ATTRIB_GROUP (GROUP_ID,EXT_ENTITY_ID,COUNTRY_ID,DISPLAY_ORDER,GROUP_VIEW_NAME,GROUP_VALIDATION_CODE,BASE_IND,DEFAULT_FUNC) values (21,6,'BR',1,'V_BR_PARTNER_FISCAL_ADDR',null,'Y','L10N_BR_FND_SQL.DEFAULT_ADDRESS_TO_ATTRIB(:O_ERROR,:O_ADDR_1,:O_ADDR_2,:O_ADDR_3,:O_STATE,:O_STATE_DESCR,:O_COUNTRY,:O_COUNTRY_DESCR,:O_POSTAL_CODE,:O_JURISDICTION_CODE,:O_JURISDICTION_CODE_DESCR,:I_PARTNER_TYPE,:I_PARTNER_ID,''PTNR'')');
Insert into L10N_ATTRIB_GROUP (GROUP_ID,EXT_ENTITY_ID,COUNTRY_ID,DISPLAY_ORDER,GROUP_VIEW_NAME,GROUP_VALIDATION_CODE,BASE_IND,DEFAULT_FUNC) values (22,6,'BR',2,'V_BR_PARTNER_REG_NUM','L10N_BR_FND_SQL.CHK_PTNR_REG_NUM_GRP(:O_ERROR,:I_TAXPAYER_TYPE,:I_CNPJ,:I_IE,:I_IM,:I_CPF,:I_NIT)','Y',null);
Insert into L10N_ATTRIB_GROUP (GROUP_ID,EXT_ENTITY_ID,COUNTRY_ID,DISPLAY_ORDER,GROUP_VIEW_NAME,GROUP_VALIDATION_CODE,BASE_IND,DEFAULT_FUNC) values (23,6,'BR',3,'V_BR_PARTNER_FISCAL_CLASS','L10N_BR_FND_SQL.CHK_FISCAL_CLASS_GRP(:O_ERROR,:I_TAXPAYER_TYPE,:I_IPI_IND)','Y',null);
Insert into L10N_ATTRIB_GROUP (GROUP_ID,EXT_ENTITY_ID,COUNTRY_ID,DISPLAY_ORDER,GROUP_VIEW_NAME,GROUP_VALIDATION_CODE,BASE_IND,DEFAULT_FUNC) values (24,9,'BR',1,'V_BR_TSF_UTIL_CODE',null,'Y',null);
Insert into L10N_ATTRIB_GROUP (GROUP_ID,EXT_ENTITY_ID,COUNTRY_ID,DISPLAY_ORDER,GROUP_VIEW_NAME,GROUP_VALIDATION_CODE,BASE_IND,DEFAULT_FUNC) values (25,8,'BR',1,'V_BR_ORD_UTIL_CODE',null,'Y',null);
Insert into L10N_ATTRIB_GROUP (GROUP_ID,EXT_ENTITY_ID,COUNTRY_ID,DISPLAY_ORDER,GROUP_VIEW_NAME,GROUP_VALIDATION_CODE,BASE_IND,DEFAULT_FUNC) values (26,10,'BR',1,'V_BR_MRT_UTIL_CODE',null,'Y',null);
Insert into L10N_ATTRIB_GROUP (GROUP_ID,EXT_ENTITY_ID,COUNTRY_ID,DISPLAY_ORDER,GROUP_VIEW_NAME,GROUP_VALIDATION_CODE,BASE_IND,DEFAULT_FUNC) values (27,12,'BR',1,'V_BR_STORE_ADD_FISCAL_ADDR',null,'Y','L10N_BR_FND_SQL.DEFAULT_ADDRESS_TO_ATTRIB(:O_ERROR,:O_ADDR_1,:O_ADDR_2,:O_ADDR_3,:O_STATE,:O_STATE_DESCR,:O_COUNTRY,:O_COUNTRY_DESCR,:O_POSTAL_CODE,:O_JURISDICTION_CODE,:O_JURISDICTION_CODE_DESCR,:I_STORE,null,''ST'')');
Insert into L10N_ATTRIB_GROUP (GROUP_ID,EXT_ENTITY_ID,COUNTRY_ID,DISPLAY_ORDER,GROUP_VIEW_NAME,GROUP_VALIDATION_CODE,BASE_IND,DEFAULT_FUNC) values (28,12,'BR',2,'V_BR_STORE_ADD_REG_NUM','L10N_BR_FND_SQL.CHK_REG_NUM_GRP(:O_ERROR,:I_TAXPAYER_TYPE,:I_CNPJ,:I_IE,:I_IM)','Y',null);
Insert into L10N_ATTRIB_GROUP (GROUP_ID,EXT_ENTITY_ID,COUNTRY_ID,DISPLAY_ORDER,GROUP_VIEW_NAME,GROUP_VALIDATION_CODE,BASE_IND,DEFAULT_FUNC) values (29,12,'BR',3,'V_BR_STORE_ADD_FISCAL_CLASS','L10N_BR_FND_SQL.CHK_FISCAL_CLASS_GRP(:O_ERROR,:I_TAXPAYER_TYPE,:I_IPI_IND)','Y',null);
Insert into L10N_ATTRIB_GROUP (GROUP_ID,EXT_ENTITY_ID,COUNTRY_ID,DISPLAY_ORDER,GROUP_VIEW_NAME,GROUP_VALIDATION_CODE,BASE_IND,DEFAULT_FUNC) values (30,12,'BR',4,'V_BR_STORE_ADD_CONTROL_FLAGS',null,'Y',null);
Insert into L10N_ATTRIB_GROUP (GROUP_ID,EXT_ENTITY_ID,COUNTRY_ID,DISPLAY_ORDER,GROUP_VIEW_NAME,GROUP_VALIDATION_CODE,BASE_IND,DEFAULT_FUNC) values (31,13,'BR',1,'V_BR_SOB_FISCAL_ADDR',null,'Y',null);
Insert into L10N_ATTRIB_GROUP (GROUP_ID,EXT_ENTITY_ID,COUNTRY_ID,DISPLAY_ORDER,GROUP_VIEW_NAME,GROUP_VALIDATION_CODE,BASE_IND,DEFAULT_FUNC) values (32,13,'BR',2,'V_BR_SOB_REG_NUM',null,'Y',null);
Insert into L10N_ATTRIB_GROUP (GROUP_ID,EXT_ENTITY_ID,COUNTRY_ID,DISPLAY_ORDER,GROUP_VIEW_NAME,GROUP_VALIDATION_CODE,BASE_IND,DEFAULT_FUNC) values (33,13,'BR',3,'V_BR_SOB_FISCAL_CLASS','L10N_BR_FND_SQL.CHK_FISCAL_CLASS_GRP(:O_ERROR,:I_TAXPAYER_TYPE,:I_IPI_IND)','Y',null);
Insert into L10N_ATTRIB_GROUP (GROUP_ID,EXT_ENTITY_ID,COUNTRY_ID,DISPLAY_ORDER,GROUP_VIEW_NAME,GROUP_VALIDATION_CODE,BASE_IND,DEFAULT_FUNC) values (34,14,'BR',1,'V_BR_ORDCUST_ATTRIB',null,'Y',null);

REM
REM INSERTING into L10N_ATTRIB
REM

PROMPT INSERTING into L10N_ATTRIB


Insert into L10N_ATTRIB (GROUP_ID,ATTRIB_ID,VIEW_COL_NAME,DATA_TYPE,ATTRIB_STORAGE_COL,VALUE_REQ,DISPLAY_SEQ,UI_WIDGET,MAXIMUM_LENGTH,LOWEST_ALLOWED_VALUE,HIGHEST_ALLOWED_VALUE,L10N_REC_GROUP_ID,L10N_CODE_TYPE,VALIDATION_CODE,BASE_IND,ENABLE_IND) values (18,91,'ADDR_1','VARCHAR2','VARCHAR2_2','Y',2,'TI',240,null,null,null,null,null,'Y','N');
Insert into L10N_ATTRIB (GROUP_ID,ATTRIB_ID,VIEW_COL_NAME,DATA_TYPE,ATTRIB_STORAGE_COL,VALUE_REQ,DISPLAY_SEQ,UI_WIDGET,MAXIMUM_LENGTH,LOWEST_ALLOWED_VALUE,HIGHEST_ALLOWED_VALUE,L10N_REC_GROUP_ID,L10N_CODE_TYPE,VALIDATION_CODE,BASE_IND,ENABLE_IND) values (18,92,'ADDR_2','VARCHAR2','VARCHAR2_3','N',3,'TI',240,null,null,null,null,null,'Y','N');
Insert into L10N_ATTRIB (GROUP_ID,ATTRIB_ID,VIEW_COL_NAME,DATA_TYPE,ATTRIB_STORAGE_COL,VALUE_REQ,DISPLAY_SEQ,UI_WIDGET,MAXIMUM_LENGTH,LOWEST_ALLOWED_VALUE,HIGHEST_ALLOWED_VALUE,L10N_REC_GROUP_ID,L10N_CODE_TYPE,VALIDATION_CODE,BASE_IND,ENABLE_IND) values (18,93,'ADDR_3','VARCHAR2','VARCHAR2_4','N',4,'TI',240,null,null,null,null,null,'Y','N');
Insert into L10N_ATTRIB (GROUP_ID,ATTRIB_ID,VIEW_COL_NAME,DATA_TYPE,ATTRIB_STORAGE_COL,VALUE_REQ,DISPLAY_SEQ,UI_WIDGET,MAXIMUM_LENGTH,LOWEST_ALLOWED_VALUE,HIGHEST_ALLOWED_VALUE,L10N_REC_GROUP_ID,L10N_CODE_TYPE,VALIDATION_CODE,BASE_IND,ENABLE_IND) values (18,94,'NEIGHBORHOOD','VARCHAR2','VARCHAR2_5','Y',5,'TI',240,null,null,null,null,null,'Y','Y');
Insert into L10N_ATTRIB (GROUP_ID,ATTRIB_ID,VIEW_COL_NAME,DATA_TYPE,ATTRIB_STORAGE_COL,VALUE_REQ,DISPLAY_SEQ,UI_WIDGET,MAXIMUM_LENGTH,LOWEST_ALLOWED_VALUE,HIGHEST_ALLOWED_VALUE,L10N_REC_GROUP_ID,L10N_CODE_TYPE,VALIDATION_CODE,BASE_IND,ENABLE_IND) values (18,95,'JURISDICTION_CODE','VARCHAR2','VARCHAR2_6','Y',6,'RG',10,null,null,7,null,'L10N_BR_FND_SQL.VALIDATE_JURISDICTION(:O_ERROR,:O_JURISDICTION_CODE_DESCR,:O_STATE_DESCR,:O_COUNTRY_DESCR,:IO_STATE,:IO_COUNTRY,:I_JURISDICTION_CODE)','Y','N');
Insert into L10N_ATTRIB (GROUP_ID,ATTRIB_ID,VIEW_COL_NAME,DATA_TYPE,ATTRIB_STORAGE_COL,VALUE_REQ,DISPLAY_SEQ,UI_WIDGET,MAXIMUM_LENGTH,LOWEST_ALLOWED_VALUE,HIGHEST_ALLOWED_VALUE,L10N_REC_GROUP_ID,L10N_CODE_TYPE,VALIDATION_CODE,BASE_IND,ENABLE_IND) values (18,96,'STATE','VARCHAR2','VARCHAR2_7','Y',7,'RG',5,null,null,8,null,'L10N_BR_FND_SQL.VALIDATE_STATE(:O_ERROR,:O_STATE_DESCR,:O_COUNTRY_DESCR,:IO_COUNTRY,:I_JURISDICTION_CODE, :I_STATE)','Y','N');
Insert into L10N_ATTRIB (GROUP_ID,ATTRIB_ID,VIEW_COL_NAME,DATA_TYPE,ATTRIB_STORAGE_COL,VALUE_REQ,DISPLAY_SEQ,UI_WIDGET,MAXIMUM_LENGTH,LOWEST_ALLOWED_VALUE,HIGHEST_ALLOWED_VALUE,L10N_REC_GROUP_ID,L10N_CODE_TYPE,VALIDATION_CODE,BASE_IND,ENABLE_IND) values (18,97,'COUNTRY','VARCHAR2','VARCHAR2_8','Y',8,'RG',3,null,null,1,null,'L10N_BR_FND_SQL.VALIDATE_COUNTRY(:O_ERROR,:O_COUNTRY_DESCR,:I_COUNTRY,:I_JURISDICTION_CODE,:I_STATE)','Y','N');
Insert into L10N_ATTRIB (GROUP_ID,ATTRIB_ID,VIEW_COL_NAME,DATA_TYPE,ATTRIB_STORAGE_COL,VALUE_REQ,DISPLAY_SEQ,UI_WIDGET,MAXIMUM_LENGTH,LOWEST_ALLOWED_VALUE,HIGHEST_ALLOWED_VALUE,L10N_REC_GROUP_ID,L10N_CODE_TYPE,VALIDATION_CODE,BASE_IND,ENABLE_IND) values (18,98,'POSTAL_CODE','VARCHAR2','VARCHAR2_9','N',9,'TI',30,null,null,null,null,null,'Y','N');
Insert into L10N_ATTRIB (GROUP_ID,ATTRIB_ID,VIEW_COL_NAME,DATA_TYPE,ATTRIB_STORAGE_COL,VALUE_REQ,DISPLAY_SEQ,UI_WIDGET,MAXIMUM_LENGTH,LOWEST_ALLOWED_VALUE,HIGHEST_ALLOWED_VALUE,L10N_REC_GROUP_ID,L10N_CODE_TYPE,VALIDATION_CODE,BASE_IND,ENABLE_IND) values (19,99,'CPF','VARCHAR2','VARCHAR2_1','N',1,'TI',11,null,null,null,null,null,'Y','Y');
Insert into L10N_ATTRIB (GROUP_ID,ATTRIB_ID,VIEW_COL_NAME,DATA_TYPE,ATTRIB_STORAGE_COL,VALUE_REQ,DISPLAY_SEQ,UI_WIDGET,MAXIMUM_LENGTH,LOWEST_ALLOWED_VALUE,HIGHEST_ALLOWED_VALUE,L10N_REC_GROUP_ID,L10N_CODE_TYPE,VALIDATION_CODE,BASE_IND,ENABLE_IND) values (19,100,'CNPJ','VARCHAR2','VARCHAR2_2','N',2,'TI',14,null,null,null,null,null,'Y','Y');
Insert into L10N_ATTRIB (GROUP_ID,ATTRIB_ID,VIEW_COL_NAME,DATA_TYPE,ATTRIB_STORAGE_COL,VALUE_REQ,DISPLAY_SEQ,UI_WIDGET,MAXIMUM_LENGTH,LOWEST_ALLOWED_VALUE,HIGHEST_ALLOWED_VALUE,L10N_REC_GROUP_ID,L10N_CODE_TYPE,VALIDATION_CODE,BASE_IND,ENABLE_IND) values (19,102,'NIT','VARCHAR2','VARCHAR2_3','N',4,'TI',250,null,null,null,null,null,'Y','Y');
Insert into L10N_ATTRIB (GROUP_ID,ATTRIB_ID,VIEW_COL_NAME,DATA_TYPE,ATTRIB_STORAGE_COL,VALUE_REQ,DISPLAY_SEQ,UI_WIDGET,MAXIMUM_LENGTH,LOWEST_ALLOWED_VALUE,HIGHEST_ALLOWED_VALUE,L10N_REC_GROUP_ID,L10N_CODE_TYPE,VALIDATION_CODE,BASE_IND,ENABLE_IND) values (19,103,'SUFRAMA','VARCHAR2','VARCHAR2_4','N',5,'TI',250,null,null,null,null,null,'Y','Y');
Insert into L10N_ATTRIB (GROUP_ID,ATTRIB_ID,VIEW_COL_NAME,DATA_TYPE,ATTRIB_STORAGE_COL,VALUE_REQ,DISPLAY_SEQ,UI_WIDGET,MAXIMUM_LENGTH,LOWEST_ALLOWED_VALUE,HIGHEST_ALLOWED_VALUE,L10N_REC_GROUP_ID,L10N_CODE_TYPE,VALIDATION_CODE,BASE_IND,ENABLE_IND) values (19,104,'IM','VARCHAR2','VARCHAR2_5','N',6,'TI',250,null,null,null,null,null,'Y','Y');
Insert into L10N_ATTRIB (GROUP_ID,ATTRIB_ID,VIEW_COL_NAME,DATA_TYPE,ATTRIB_STORAGE_COL,VALUE_REQ,DISPLAY_SEQ,UI_WIDGET,MAXIMUM_LENGTH,LOWEST_ALLOWED_VALUE,HIGHEST_ALLOWED_VALUE,L10N_REC_GROUP_ID,L10N_CODE_TYPE,VALIDATION_CODE,BASE_IND,ENABLE_IND) values (19,105,'IE','VARCHAR2','VARCHAR2_6','N',7,'TI',250,null,null,null,null,null,'Y','Y');
Insert into L10N_ATTRIB (GROUP_ID,ATTRIB_ID,VIEW_COL_NAME,DATA_TYPE,ATTRIB_STORAGE_COL,VALUE_REQ,DISPLAY_SEQ,UI_WIDGET,MAXIMUM_LENGTH,LOWEST_ALLOWED_VALUE,HIGHEST_ALLOWED_VALUE,L10N_REC_GROUP_ID,L10N_CODE_TYPE,VALIDATION_CODE,BASE_IND,ENABLE_IND) values (20,106,'ISS_CONTRIB_IND','VARCHAR2','VARCHAR2_1','Y',1,'CB',1,null,null,null,null,null,'Y','Y');
Insert into L10N_ATTRIB (GROUP_ID,ATTRIB_ID,VIEW_COL_NAME,DATA_TYPE,ATTRIB_STORAGE_COL,VALUE_REQ,DISPLAY_SEQ,UI_WIDGET,MAXIMUM_LENGTH,LOWEST_ALLOWED_VALUE,HIGHEST_ALLOWED_VALUE,L10N_REC_GROUP_ID,L10N_CODE_TYPE,VALIDATION_CODE,BASE_IND,ENABLE_IND) values (20,107,'SIMPLES_IND','VARCHAR2','VARCHAR2_2','Y',2,'CB',1,null,null,null,null,null,'Y','Y');
Insert into L10N_ATTRIB (GROUP_ID,ATTRIB_ID,VIEW_COL_NAME,DATA_TYPE,ATTRIB_STORAGE_COL,VALUE_REQ,DISPLAY_SEQ,UI_WIDGET,MAXIMUM_LENGTH,LOWEST_ALLOWED_VALUE,HIGHEST_ALLOWED_VALUE,L10N_REC_GROUP_ID,L10N_CODE_TYPE,VALIDATION_CODE,BASE_IND,ENABLE_IND) values (20,108,'ST_CONTRIB_IND','VARCHAR2','VARCHAR2_3','Y',3,'CB',1,null,null,null,null,null,'Y','Y');
Insert into L10N_ATTRIB (GROUP_ID,ATTRIB_ID,VIEW_COL_NAME,DATA_TYPE,ATTRIB_STORAGE_COL,VALUE_REQ,DISPLAY_SEQ,UI_WIDGET,MAXIMUM_LENGTH,LOWEST_ALLOWED_VALUE,HIGHEST_ALLOWED_VALUE,L10N_REC_GROUP_ID,L10N_CODE_TYPE,VALIDATION_CODE,BASE_IND,ENABLE_IND) values (20,109,'RURAL_PROD_IND','VARCHAR2','VARCHAR2_4','Y',4,'CB',1,null,null,null,null,null,'Y','Y');
Insert into L10N_ATTRIB (GROUP_ID,ATTRIB_ID,VIEW_COL_NAME,DATA_TYPE,ATTRIB_STORAGE_COL,VALUE_REQ,DISPLAY_SEQ,UI_WIDGET,MAXIMUM_LENGTH,LOWEST_ALLOWED_VALUE,HIGHEST_ALLOWED_VALUE,L10N_REC_GROUP_ID,L10N_CODE_TYPE,VALIDATION_CODE,BASE_IND,ENABLE_IND) values (20,110,'IPI_IND','VARCHAR2','VARCHAR2_5','Y',5,'CB',1,null,null,null,null,null,'Y','Y');
Insert into L10N_ATTRIB (GROUP_ID,ATTRIB_ID,VIEW_COL_NAME,DATA_TYPE,ATTRIB_STORAGE_COL,VALUE_REQ,DISPLAY_SEQ,UI_WIDGET,MAXIMUM_LENGTH,LOWEST_ALLOWED_VALUE,HIGHEST_ALLOWED_VALUE,L10N_REC_GROUP_ID,L10N_CODE_TYPE,VALIDATION_CODE,BASE_IND,ENABLE_IND) values (21,111,'TAXPAYER_TYPE','VARCHAR2','VARCHAR2_1','Y',1,'LI',1,null,null,null,'TXCP',null,'Y','Y');
Insert into L10N_ATTRIB (GROUP_ID,ATTRIB_ID,VIEW_COL_NAME,DATA_TYPE,ATTRIB_STORAGE_COL,VALUE_REQ,DISPLAY_SEQ,UI_WIDGET,MAXIMUM_LENGTH,LOWEST_ALLOWED_VALUE,HIGHEST_ALLOWED_VALUE,L10N_REC_GROUP_ID,L10N_CODE_TYPE,VALIDATION_CODE,BASE_IND,ENABLE_IND) values (21,112,'ADDR_1','VARCHAR2','VARCHAR2_2','Y',2,'TI',240,null,null,null,null,null,'Y','N');
Insert into L10N_ATTRIB (GROUP_ID,ATTRIB_ID,VIEW_COL_NAME,DATA_TYPE,ATTRIB_STORAGE_COL,VALUE_REQ,DISPLAY_SEQ,UI_WIDGET,MAXIMUM_LENGTH,LOWEST_ALLOWED_VALUE,HIGHEST_ALLOWED_VALUE,L10N_REC_GROUP_ID,L10N_CODE_TYPE,VALIDATION_CODE,BASE_IND,ENABLE_IND) values (21,113,'ADDR_2','VARCHAR2','VARCHAR2_3','N',3,'TI',240,null,null,null,null,null,'Y','N');
Insert into L10N_ATTRIB (GROUP_ID,ATTRIB_ID,VIEW_COL_NAME,DATA_TYPE,ATTRIB_STORAGE_COL,VALUE_REQ,DISPLAY_SEQ,UI_WIDGET,MAXIMUM_LENGTH,LOWEST_ALLOWED_VALUE,HIGHEST_ALLOWED_VALUE,L10N_REC_GROUP_ID,L10N_CODE_TYPE,VALIDATION_CODE,BASE_IND,ENABLE_IND) values (21,114,'ADDR_3','VARCHAR2','VARCHAR2_4','N',4,'TI',240,null,null,null,null,null,'Y','N');
Insert into L10N_ATTRIB (GROUP_ID,ATTRIB_ID,VIEW_COL_NAME,DATA_TYPE,ATTRIB_STORAGE_COL,VALUE_REQ,DISPLAY_SEQ,UI_WIDGET,MAXIMUM_LENGTH,LOWEST_ALLOWED_VALUE,HIGHEST_ALLOWED_VALUE,L10N_REC_GROUP_ID,L10N_CODE_TYPE,VALIDATION_CODE,BASE_IND,ENABLE_IND) values (21,115,'NEIGHBORHOOD','VARCHAR2','VARCHAR2_5','Y',5,'TI',240,null,null,null,null,null,'Y','Y');
Insert into L10N_ATTRIB (GROUP_ID,ATTRIB_ID,VIEW_COL_NAME,DATA_TYPE,ATTRIB_STORAGE_COL,VALUE_REQ,DISPLAY_SEQ,UI_WIDGET,MAXIMUM_LENGTH,LOWEST_ALLOWED_VALUE,HIGHEST_ALLOWED_VALUE,L10N_REC_GROUP_ID,L10N_CODE_TYPE,VALIDATION_CODE,BASE_IND,ENABLE_IND) values (21,116,'JURISDICTION_CODE','VARCHAR2','VARCHAR2_6','Y',6,'RG',10,null,null,7,null,'L10N_BR_FND_SQL.VALIDATE_JURISDICTION(:O_ERROR,:O_JURISDICTION_CODE_DESCR,:O_STATE_DESCR,:O_COUNTRY_DESCR,:IO_STATE,:IO_COUNTRY,:I_JURISDICTION_CODE)','Y','N');
Insert into L10N_ATTRIB (GROUP_ID,ATTRIB_ID,VIEW_COL_NAME,DATA_TYPE,ATTRIB_STORAGE_COL,VALUE_REQ,DISPLAY_SEQ,UI_WIDGET,MAXIMUM_LENGTH,LOWEST_ALLOWED_VALUE,HIGHEST_ALLOWED_VALUE,L10N_REC_GROUP_ID,L10N_CODE_TYPE,VALIDATION_CODE,BASE_IND,ENABLE_IND) values (21,117,'STATE','VARCHAR2','VARCHAR2_7','Y',7,'RG',5,null,null,8,null,'L10N_BR_FND_SQL.VALIDATE_STATE(:O_ERROR,:O_STATE_DESCR,:O_COUNTRY_DESCR,:IO_COUNTRY,:I_JURISDICTION_CODE, :I_STATE)','Y','N');
Insert into L10N_ATTRIB (GROUP_ID,ATTRIB_ID,VIEW_COL_NAME,DATA_TYPE,ATTRIB_STORAGE_COL,VALUE_REQ,DISPLAY_SEQ,UI_WIDGET,MAXIMUM_LENGTH,LOWEST_ALLOWED_VALUE,HIGHEST_ALLOWED_VALUE,L10N_REC_GROUP_ID,L10N_CODE_TYPE,VALIDATION_CODE,BASE_IND,ENABLE_IND) values (21,118,'COUNTRY','VARCHAR2','VARCHAR2_8','Y',8,'RG',3,null,null,1,null,'L10N_BR_FND_SQL.VALIDATE_COUNTRY(:O_ERROR,:O_COUNTRY_DESCR,:I_COUNTRY,:I_JURISDICTION_CODE,:I_STATE)','Y','N');
Insert into L10N_ATTRIB (GROUP_ID,ATTRIB_ID,VIEW_COL_NAME,DATA_TYPE,ATTRIB_STORAGE_COL,VALUE_REQ,DISPLAY_SEQ,UI_WIDGET,MAXIMUM_LENGTH,LOWEST_ALLOWED_VALUE,HIGHEST_ALLOWED_VALUE,L10N_REC_GROUP_ID,L10N_CODE_TYPE,VALIDATION_CODE,BASE_IND,ENABLE_IND) values (21,119,'POSTAL_CODE','VARCHAR2','VARCHAR2_9','N',9,'TI',30,null,null,null,null,null,'Y','N');
Insert into L10N_ATTRIB (GROUP_ID,ATTRIB_ID,VIEW_COL_NAME,DATA_TYPE,ATTRIB_STORAGE_COL,VALUE_REQ,DISPLAY_SEQ,UI_WIDGET,MAXIMUM_LENGTH,LOWEST_ALLOWED_VALUE,HIGHEST_ALLOWED_VALUE,L10N_REC_GROUP_ID,L10N_CODE_TYPE,VALIDATION_CODE,BASE_IND,ENABLE_IND) values (22,120,'CPF','VARCHAR2','VARCHAR2_1','N',1,'TI',11,null,null,null,null,null,'Y','Y');
Insert into L10N_ATTRIB (GROUP_ID,ATTRIB_ID,VIEW_COL_NAME,DATA_TYPE,ATTRIB_STORAGE_COL,VALUE_REQ,DISPLAY_SEQ,UI_WIDGET,MAXIMUM_LENGTH,LOWEST_ALLOWED_VALUE,HIGHEST_ALLOWED_VALUE,L10N_REC_GROUP_ID,L10N_CODE_TYPE,VALIDATION_CODE,BASE_IND,ENABLE_IND) values (22,121,'CNPJ','VARCHAR2','VARCHAR2_2','N',2,'TI',14,null,null,null,null,null,'Y','Y');
Insert into L10N_ATTRIB (GROUP_ID,ATTRIB_ID,VIEW_COL_NAME,DATA_TYPE,ATTRIB_STORAGE_COL,VALUE_REQ,DISPLAY_SEQ,UI_WIDGET,MAXIMUM_LENGTH,LOWEST_ALLOWED_VALUE,HIGHEST_ALLOWED_VALUE,L10N_REC_GROUP_ID,L10N_CODE_TYPE,VALIDATION_CODE,BASE_IND,ENABLE_IND) values (22,123,'NIT','VARCHAR2','VARCHAR2_3','N',4,'TI',250,null,null,null,null,null,'Y','Y');
Insert into L10N_ATTRIB (GROUP_ID,ATTRIB_ID,VIEW_COL_NAME,DATA_TYPE,ATTRIB_STORAGE_COL,VALUE_REQ,DISPLAY_SEQ,UI_WIDGET,MAXIMUM_LENGTH,LOWEST_ALLOWED_VALUE,HIGHEST_ALLOWED_VALUE,L10N_REC_GROUP_ID,L10N_CODE_TYPE,VALIDATION_CODE,BASE_IND,ENABLE_IND) values (22,124,'SUFRAMA','VARCHAR2','VARCHAR2_4','N',5,'TI',250,null,null,null,null,null,'Y','Y');
Insert into L10N_ATTRIB (GROUP_ID,ATTRIB_ID,VIEW_COL_NAME,DATA_TYPE,ATTRIB_STORAGE_COL,VALUE_REQ,DISPLAY_SEQ,UI_WIDGET,MAXIMUM_LENGTH,LOWEST_ALLOWED_VALUE,HIGHEST_ALLOWED_VALUE,L10N_REC_GROUP_ID,L10N_CODE_TYPE,VALIDATION_CODE,BASE_IND,ENABLE_IND) values (22,125,'IM','VARCHAR2','VARCHAR2_5','N',6,'TI',250,null,null,null,null,null,'Y','Y');
Insert into L10N_ATTRIB (GROUP_ID,ATTRIB_ID,VIEW_COL_NAME,DATA_TYPE,ATTRIB_STORAGE_COL,VALUE_REQ,DISPLAY_SEQ,UI_WIDGET,MAXIMUM_LENGTH,LOWEST_ALLOWED_VALUE,HIGHEST_ALLOWED_VALUE,L10N_REC_GROUP_ID,L10N_CODE_TYPE,VALIDATION_CODE,BASE_IND,ENABLE_IND) values (22,126,'IE','VARCHAR2','VARCHAR2_6','N',7,'TI',250,null,null,null,null,null,'Y','Y');
Insert into L10N_ATTRIB (GROUP_ID,ATTRIB_ID,VIEW_COL_NAME,DATA_TYPE,ATTRIB_STORAGE_COL,VALUE_REQ,DISPLAY_SEQ,UI_WIDGET,MAXIMUM_LENGTH,LOWEST_ALLOWED_VALUE,HIGHEST_ALLOWED_VALUE,L10N_REC_GROUP_ID,L10N_CODE_TYPE,VALIDATION_CODE,BASE_IND,ENABLE_IND) values (23,127,'IPI_IND','VARCHAR2','VARCHAR2_1','Y',1,'CB',1,null,null,null,null,null,'Y','Y');
Insert into L10N_ATTRIB (GROUP_ID,ATTRIB_ID,VIEW_COL_NAME,DATA_TYPE,ATTRIB_STORAGE_COL,VALUE_REQ,DISPLAY_SEQ,UI_WIDGET,MAXIMUM_LENGTH,LOWEST_ALLOWED_VALUE,HIGHEST_ALLOWED_VALUE,L10N_REC_GROUP_ID,L10N_CODE_TYPE,VALIDATION_CODE,BASE_IND,ENABLE_IND) values (1,2,'FISCAL_CODE','VARCHAR2','VARCHAR2_2','Y',2,'TI',120,null,null,null,null,null,'Y','Y');
Insert into L10N_ATTRIB (GROUP_ID,ATTRIB_ID,VIEW_COL_NAME,DATA_TYPE,ATTRIB_STORAGE_COL,VALUE_REQ,DISPLAY_SEQ,UI_WIDGET,MAXIMUM_LENGTH,LOWEST_ALLOWED_VALUE,HIGHEST_ALLOWED_VALUE,L10N_REC_GROUP_ID,L10N_CODE_TYPE,VALIDATION_CODE,BASE_IND,ENABLE_IND) values (2,3,'SERVICE_IND','VARCHAR2','VARCHAR2_1','Y',1,'CB',1,null,null,null,null,null,'Y','Y');
Insert into L10N_ATTRIB (GROUP_ID,ATTRIB_ID,VIEW_COL_NAME,DATA_TYPE,ATTRIB_STORAGE_COL,VALUE_REQ,DISPLAY_SEQ,UI_WIDGET,MAXIMUM_LENGTH,LOWEST_ALLOWED_VALUE,HIGHEST_ALLOWED_VALUE,L10N_REC_GROUP_ID,L10N_CODE_TYPE,VALIDATION_CODE,BASE_IND,ENABLE_IND) values (2,4,'ORIGIN_CODE','VARCHAR2','VARCHAR2_2','Y',2,'LI',6,null,null,null,'ORME',null,'Y','Y');
Insert into L10N_ATTRIB (GROUP_ID,ATTRIB_ID,VIEW_COL_NAME,DATA_TYPE,ATTRIB_STORAGE_COL,VALUE_REQ,DISPLAY_SEQ,UI_WIDGET,MAXIMUM_LENGTH,LOWEST_ALLOWED_VALUE,HIGHEST_ALLOWED_VALUE,L10N_REC_GROUP_ID,L10N_CODE_TYPE,VALIDATION_CODE,BASE_IND,ENABLE_IND) values (2,5,'CLASSIFICATION_ID','VARCHAR2','VARCHAR2_3','N',3,'RG',25,null,null,2,null,'L10N_BR_FND_SQL.GET_NCM_DESC(:O_ERROR,:O_CLASSIFICATION_ID_DESCR,:I_CLASSIFICATION_ID,:I_L10N_CTRY_ID)','Y','Y');
Insert into L10N_ATTRIB (GROUP_ID,ATTRIB_ID,VIEW_COL_NAME,DATA_TYPE,ATTRIB_STORAGE_COL,VALUE_REQ,DISPLAY_SEQ,UI_WIDGET,MAXIMUM_LENGTH,LOWEST_ALLOWED_VALUE,HIGHEST_ALLOWED_VALUE,L10N_REC_GROUP_ID,L10N_CODE_TYPE,VALIDATION_CODE,BASE_IND,ENABLE_IND) values (2,6,'NCM_CHAR_CODE','VARCHAR2','VARCHAR2_4','N',4,'RG',25,null,null,3,null,'L10N_BR_FND_SQL.GET_NCMCHAR_DESC(:O_ERROR,:O_NCM_CHAR_CODE_DESCR,:O_CLASSIFICATION_ID_DESCR,:I_NCM_CHAR_CODE,:IO_CLASSIFICATION_ID,:I_L10N_CTRY_ID)','Y','Y');
Insert into L10N_ATTRIB (GROUP_ID,ATTRIB_ID,VIEW_COL_NAME,DATA_TYPE,ATTRIB_STORAGE_COL,VALUE_REQ,DISPLAY_SEQ,UI_WIDGET,MAXIMUM_LENGTH,LOWEST_ALLOWED_VALUE,HIGHEST_ALLOWED_VALUE,L10N_REC_GROUP_ID,L10N_CODE_TYPE,VALIDATION_CODE,BASE_IND,ENABLE_IND) values (2,7,'EX_IPI','VARCHAR2','VARCHAR2_5','N',5,'RG',25,null,null,4,null,'L10N_BR_FND_SQL.GET_IPI_DESC(:O_ERROR,:O_EX_IPI_DESCR,:O_CLASSIFICATION_ID_DESCR,:I_EX_IPI,:IO_CLASSIFICATION_ID,:I_L10N_CTRY_ID)','Y','Y');
Insert into L10N_ATTRIB (GROUP_ID,ATTRIB_ID,VIEW_COL_NAME,DATA_TYPE,ATTRIB_STORAGE_COL,VALUE_REQ,DISPLAY_SEQ,UI_WIDGET,MAXIMUM_LENGTH,LOWEST_ALLOWED_VALUE,HIGHEST_ALLOWED_VALUE,L10N_REC_GROUP_ID,L10N_CODE_TYPE,VALIDATION_CODE,BASE_IND,ENABLE_IND) values (2,8,'PAUTA_CODE','VARCHAR2','VARCHAR2_6','N',6,'RG',25,null,null,5,null,'L10N_BR_FND_SQL.GET_PAUTA_DESC(:O_ERROR,:O_PAUTA_CODE_DESCR,:O_NCM_CHAR_CODE_DESCR,:O_CLASSIFICATION_ID_DESCR,:I_PAUTA_CODE,:IO_CLASSIFICATION_ID,:IO_NCM_CHAR_CODE,:I_L10N_CTRY_ID)','Y','Y');
Insert into L10N_ATTRIB (GROUP_ID,ATTRIB_ID,VIEW_COL_NAME,DATA_TYPE,ATTRIB_STORAGE_COL,VALUE_REQ,DISPLAY_SEQ,UI_WIDGET,MAXIMUM_LENGTH,LOWEST_ALLOWED_VALUE,HIGHEST_ALLOWED_VALUE,L10N_REC_GROUP_ID,L10N_CODE_TYPE,VALIDATION_CODE,BASE_IND,ENABLE_IND) values (2,9,'SERVICE_CODE','VARCHAR2','VARCHAR2_7','N',7,'RG',25,null,null,6,null,'L10N_BR_FND_SQL.GET_SERVCODE_DESC(:O_ERROR,:O_SERVICE_CODE_DESCR,:I_SERVICE_CODE)','Y','Y');
Insert into L10N_ATTRIB (GROUP_ID,ATTRIB_ID,VIEW_COL_NAME,DATA_TYPE,ATTRIB_STORAGE_COL,VALUE_REQ,DISPLAY_SEQ,UI_WIDGET,MAXIMUM_LENGTH,LOWEST_ALLOWED_VALUE,HIGHEST_ALLOWED_VALUE,L10N_REC_GROUP_ID,L10N_CODE_TYPE,VALIDATION_CODE,BASE_IND,ENABLE_IND) values (2,10,'FEDERAL_SERVICE','VARCHAR2','VARCHAR2_8','N',8,'RG',25,null,null,10,null,'L10N_BR_FND_SQL.GET_FEDSERV_DESC(:O_ERROR,:O_FEDERAL_SERVICE_DESCR,:I_FEDERAL_SERVICE)','Y','Y');
Insert into L10N_ATTRIB (GROUP_ID,ATTRIB_ID,VIEW_COL_NAME,DATA_TYPE,ATTRIB_STORAGE_COL,VALUE_REQ,DISPLAY_SEQ,UI_WIDGET,MAXIMUM_LENGTH,LOWEST_ALLOWED_VALUE,HIGHEST_ALLOWED_VALUE,L10N_REC_GROUP_ID,L10N_CODE_TYPE,VALIDATION_CODE,BASE_IND,ENABLE_IND) values (4,14,'TAXPAYER_TYPE','VARCHAR2','VARCHAR2_1','Y',1,'LI',1,null,null,null,'TXCP',null,'Y','Y');
Insert into L10N_ATTRIB (GROUP_ID,ATTRIB_ID,VIEW_COL_NAME,DATA_TYPE,ATTRIB_STORAGE_COL,VALUE_REQ,DISPLAY_SEQ,UI_WIDGET,MAXIMUM_LENGTH,LOWEST_ALLOWED_VALUE,HIGHEST_ALLOWED_VALUE,L10N_REC_GROUP_ID,L10N_CODE_TYPE,VALIDATION_CODE,BASE_IND,ENABLE_IND) values (4,15,'ADDR_1','VARCHAR2','VARCHAR2_2','Y',2,'TI',240,null,null,null,null,null,'Y','N');
Insert into L10N_ATTRIB (GROUP_ID,ATTRIB_ID,VIEW_COL_NAME,DATA_TYPE,ATTRIB_STORAGE_COL,VALUE_REQ,DISPLAY_SEQ,UI_WIDGET,MAXIMUM_LENGTH,LOWEST_ALLOWED_VALUE,HIGHEST_ALLOWED_VALUE,L10N_REC_GROUP_ID,L10N_CODE_TYPE,VALIDATION_CODE,BASE_IND,ENABLE_IND) values (4,16,'ADDR_2','VARCHAR2','VARCHAR2_3','N',3,'TI',240,null,null,null,null,null,'Y','N');
Insert into L10N_ATTRIB (GROUP_ID,ATTRIB_ID,VIEW_COL_NAME,DATA_TYPE,ATTRIB_STORAGE_COL,VALUE_REQ,DISPLAY_SEQ,UI_WIDGET,MAXIMUM_LENGTH,LOWEST_ALLOWED_VALUE,HIGHEST_ALLOWED_VALUE,L10N_REC_GROUP_ID,L10N_CODE_TYPE,VALIDATION_CODE,BASE_IND,ENABLE_IND) values (4,17,'ADDR_3','VARCHAR2','VARCHAR2_4','N',4,'TI',240,null,null,null,null,null,'Y','N');
Insert into L10N_ATTRIB (GROUP_ID,ATTRIB_ID,VIEW_COL_NAME,DATA_TYPE,ATTRIB_STORAGE_COL,VALUE_REQ,DISPLAY_SEQ,UI_WIDGET,MAXIMUM_LENGTH,LOWEST_ALLOWED_VALUE,HIGHEST_ALLOWED_VALUE,L10N_REC_GROUP_ID,L10N_CODE_TYPE,VALIDATION_CODE,BASE_IND,ENABLE_IND) values (4,18,'NEIGHBORHOOD','VARCHAR2','VARCHAR2_5','Y',5,'TI',240,null,null,null,null,null,'Y','Y');
Insert into L10N_ATTRIB (GROUP_ID,ATTRIB_ID,VIEW_COL_NAME,DATA_TYPE,ATTRIB_STORAGE_COL,VALUE_REQ,DISPLAY_SEQ,UI_WIDGET,MAXIMUM_LENGTH,LOWEST_ALLOWED_VALUE,HIGHEST_ALLOWED_VALUE,L10N_REC_GROUP_ID,L10N_CODE_TYPE,VALIDATION_CODE,BASE_IND,ENABLE_IND) values (4,19,'JURISDICTION_CODE','VARCHAR2','VARCHAR2_6','Y',6,'RG',10,null,null,7,null,'L10N_BR_FND_SQL.VALIDATE_JURISDICTION(:O_ERROR,:O_JURISDICTION_CODE_DESCR,:O_STATE_DESCR,:O_COUNTRY_DESCR,:IO_STATE,:IO_COUNTRY,:I_JURISDICTION_CODE)','Y','N');
Insert into L10N_ATTRIB (GROUP_ID,ATTRIB_ID,VIEW_COL_NAME,DATA_TYPE,ATTRIB_STORAGE_COL,VALUE_REQ,DISPLAY_SEQ,UI_WIDGET,MAXIMUM_LENGTH,LOWEST_ALLOWED_VALUE,HIGHEST_ALLOWED_VALUE,L10N_REC_GROUP_ID,L10N_CODE_TYPE,VALIDATION_CODE,BASE_IND,ENABLE_IND) values (4,20,'STATE','VARCHAR2','VARCHAR2_7','Y',7,'RG',5,null,null,8,null,'L10N_BR_FND_SQL.VALIDATE_STATE(:O_ERROR,:O_STATE_DESCR,:O_COUNTRY_DESCR,:IO_COUNTRY,:I_JURISDICTION_CODE, :I_STATE)','Y','N');
Insert into L10N_ATTRIB (GROUP_ID,ATTRIB_ID,VIEW_COL_NAME,DATA_TYPE,ATTRIB_STORAGE_COL,VALUE_REQ,DISPLAY_SEQ,UI_WIDGET,MAXIMUM_LENGTH,LOWEST_ALLOWED_VALUE,HIGHEST_ALLOWED_VALUE,L10N_REC_GROUP_ID,L10N_CODE_TYPE,VALIDATION_CODE,BASE_IND,ENABLE_IND) values (4,21,'COUNTRY','VARCHAR2','VARCHAR2_8','Y',8,'RG',3,null,null,1,null,'L10N_BR_FND_SQL.VALIDATE_COUNTRY(:O_ERROR,:O_COUNTRY_DESCR,:I_COUNTRY,:I_JURISDICTION_CODE,:I_STATE)','Y','N');
Insert into L10N_ATTRIB (GROUP_ID,ATTRIB_ID,VIEW_COL_NAME,DATA_TYPE,ATTRIB_STORAGE_COL,VALUE_REQ,DISPLAY_SEQ,UI_WIDGET,MAXIMUM_LENGTH,LOWEST_ALLOWED_VALUE,HIGHEST_ALLOWED_VALUE,L10N_REC_GROUP_ID,L10N_CODE_TYPE,VALIDATION_CODE,BASE_IND,ENABLE_IND) values (4,22,'POSTAL_CODE','VARCHAR2','VARCHAR2_9','N',9,'TI',30,null,null,null,null,null,'Y','N');
Insert into L10N_ATTRIB (GROUP_ID,ATTRIB_ID,VIEW_COL_NAME,DATA_TYPE,ATTRIB_STORAGE_COL,VALUE_REQ,DISPLAY_SEQ,UI_WIDGET,MAXIMUM_LENGTH,LOWEST_ALLOWED_VALUE,HIGHEST_ALLOWED_VALUE,L10N_REC_GROUP_ID,L10N_CODE_TYPE,VALIDATION_CODE,BASE_IND,ENABLE_IND) values (5,23,'CPF','VARCHAR2','VARCHAR2_1','N',1,'TI',11,null,null,null,null,null,'Y','Y');
Insert into L10N_ATTRIB (GROUP_ID,ATTRIB_ID,VIEW_COL_NAME,DATA_TYPE,ATTRIB_STORAGE_COL,VALUE_REQ,DISPLAY_SEQ,UI_WIDGET,MAXIMUM_LENGTH,LOWEST_ALLOWED_VALUE,HIGHEST_ALLOWED_VALUE,L10N_REC_GROUP_ID,L10N_CODE_TYPE,VALIDATION_CODE,BASE_IND,ENABLE_IND) values (5,24,'CNPJ','VARCHAR2','VARCHAR2_2','Y',2,'TI',14,null,null,null,null,null,'Y','Y');
Insert into L10N_ATTRIB (GROUP_ID,ATTRIB_ID,VIEW_COL_NAME,DATA_TYPE,ATTRIB_STORAGE_COL,VALUE_REQ,DISPLAY_SEQ,UI_WIDGET,MAXIMUM_LENGTH,LOWEST_ALLOWED_VALUE,HIGHEST_ALLOWED_VALUE,L10N_REC_GROUP_ID,L10N_CODE_TYPE,VALIDATION_CODE,BASE_IND,ENABLE_IND) values (5,26,'NIT','VARCHAR2','VARCHAR2_3','N',4,'TI',250,null,null,null,null,null,'Y','Y');
Insert into L10N_ATTRIB (GROUP_ID,ATTRIB_ID,VIEW_COL_NAME,DATA_TYPE,ATTRIB_STORAGE_COL,VALUE_REQ,DISPLAY_SEQ,UI_WIDGET,MAXIMUM_LENGTH,LOWEST_ALLOWED_VALUE,HIGHEST_ALLOWED_VALUE,L10N_REC_GROUP_ID,L10N_CODE_TYPE,VALIDATION_CODE,BASE_IND,ENABLE_IND) values (5,27,'SUFRAMA','VARCHAR2','VARCHAR2_4','N',5,'TI',250,null,null,null,null,null,'Y','Y');
Insert into L10N_ATTRIB (GROUP_ID,ATTRIB_ID,VIEW_COL_NAME,DATA_TYPE,ATTRIB_STORAGE_COL,VALUE_REQ,DISPLAY_SEQ,UI_WIDGET,MAXIMUM_LENGTH,LOWEST_ALLOWED_VALUE,HIGHEST_ALLOWED_VALUE,L10N_REC_GROUP_ID,L10N_CODE_TYPE,VALIDATION_CODE,BASE_IND,ENABLE_IND) values (5,28,'IM','VARCHAR2','VARCHAR2_5','N',6,'TI',250,null,null,null,null,null,'Y','Y');
Insert into L10N_ATTRIB (GROUP_ID,ATTRIB_ID,VIEW_COL_NAME,DATA_TYPE,ATTRIB_STORAGE_COL,VALUE_REQ,DISPLAY_SEQ,UI_WIDGET,MAXIMUM_LENGTH,LOWEST_ALLOWED_VALUE,HIGHEST_ALLOWED_VALUE,L10N_REC_GROUP_ID,L10N_CODE_TYPE,VALIDATION_CODE,BASE_IND,ENABLE_IND) values (5,29,'IE','VARCHAR2','VARCHAR2_6','Y',7,'TI',250,null,null,null,null,null,'Y','Y');
Insert into L10N_ATTRIB (GROUP_ID,ATTRIB_ID,VIEW_COL_NAME,DATA_TYPE,ATTRIB_STORAGE_COL,VALUE_REQ,DISPLAY_SEQ,UI_WIDGET,MAXIMUM_LENGTH,LOWEST_ALLOWED_VALUE,HIGHEST_ALLOWED_VALUE,L10N_REC_GROUP_ID,L10N_CODE_TYPE,VALIDATION_CODE,BASE_IND,ENABLE_IND) values (6,30,'IPI_IND','VARCHAR2','VARCHAR2_1','Y',1,'CB',1,null,null,null,null,null,'Y','Y');
Insert into L10N_ATTRIB (GROUP_ID,ATTRIB_ID,VIEW_COL_NAME,DATA_TYPE,ATTRIB_STORAGE_COL,VALUE_REQ,DISPLAY_SEQ,UI_WIDGET,MAXIMUM_LENGTH,LOWEST_ALLOWED_VALUE,HIGHEST_ALLOWED_VALUE,L10N_REC_GROUP_ID,L10N_CODE_TYPE,VALIDATION_CODE,BASE_IND,ENABLE_IND) values (7,31,'TAXPAYER_TYPE','VARCHAR2','VARCHAR2_1','Y',1,'LI',1,null,null,null,'TXCP',null,'Y','Y');
Insert into L10N_ATTRIB (GROUP_ID,ATTRIB_ID,VIEW_COL_NAME,DATA_TYPE,ATTRIB_STORAGE_COL,VALUE_REQ,DISPLAY_SEQ,UI_WIDGET,MAXIMUM_LENGTH,LOWEST_ALLOWED_VALUE,HIGHEST_ALLOWED_VALUE,L10N_REC_GROUP_ID,L10N_CODE_TYPE,VALIDATION_CODE,BASE_IND,ENABLE_IND) values (7,32,'ADDR_1','VARCHAR2','VARCHAR2_2','Y',2,'TI',240,null,null,null,null,null,'Y','N');
Insert into L10N_ATTRIB (GROUP_ID,ATTRIB_ID,VIEW_COL_NAME,DATA_TYPE,ATTRIB_STORAGE_COL,VALUE_REQ,DISPLAY_SEQ,UI_WIDGET,MAXIMUM_LENGTH,LOWEST_ALLOWED_VALUE,HIGHEST_ALLOWED_VALUE,L10N_REC_GROUP_ID,L10N_CODE_TYPE,VALIDATION_CODE,BASE_IND,ENABLE_IND) values (7,33,'ADDR_2','VARCHAR2','VARCHAR2_3','N',3,'TI',240,null,null,null,null,null,'Y','N');
Insert into L10N_ATTRIB (GROUP_ID,ATTRIB_ID,VIEW_COL_NAME,DATA_TYPE,ATTRIB_STORAGE_COL,VALUE_REQ,DISPLAY_SEQ,UI_WIDGET,MAXIMUM_LENGTH,LOWEST_ALLOWED_VALUE,HIGHEST_ALLOWED_VALUE,L10N_REC_GROUP_ID,L10N_CODE_TYPE,VALIDATION_CODE,BASE_IND,ENABLE_IND) values (7,34,'ADDR_3','VARCHAR2','VARCHAR2_4','N',4,'TI',240,null,null,null,null,null,'Y','N');
Insert into L10N_ATTRIB (GROUP_ID,ATTRIB_ID,VIEW_COL_NAME,DATA_TYPE,ATTRIB_STORAGE_COL,VALUE_REQ,DISPLAY_SEQ,UI_WIDGET,MAXIMUM_LENGTH,LOWEST_ALLOWED_VALUE,HIGHEST_ALLOWED_VALUE,L10N_REC_GROUP_ID,L10N_CODE_TYPE,VALIDATION_CODE,BASE_IND,ENABLE_IND) values (7,35,'NEIGHBORHOOD','VARCHAR2','VARCHAR2_5','Y',5,'TI',240,null,null,null,null,null,'Y','Y');
Insert into L10N_ATTRIB (GROUP_ID,ATTRIB_ID,VIEW_COL_NAME,DATA_TYPE,ATTRIB_STORAGE_COL,VALUE_REQ,DISPLAY_SEQ,UI_WIDGET,MAXIMUM_LENGTH,LOWEST_ALLOWED_VALUE,HIGHEST_ALLOWED_VALUE,L10N_REC_GROUP_ID,L10N_CODE_TYPE,VALIDATION_CODE,BASE_IND,ENABLE_IND) values (7,36,'JURISDICTION_CODE','VARCHAR2','VARCHAR2_6','Y',6,'RG',10,null,null,7,null,'L10N_BR_FND_SQL.VALIDATE_JURISDICTION(:O_ERROR,:O_JURISDICTION_CODE_DESCR,:O_STATE_DESCR,:O_COUNTRY_DESCR,:IO_STATE,:IO_COUNTRY,:I_JURISDICTION_CODE)','Y','N');
Insert into L10N_ATTRIB (GROUP_ID,ATTRIB_ID,VIEW_COL_NAME,DATA_TYPE,ATTRIB_STORAGE_COL,VALUE_REQ,DISPLAY_SEQ,UI_WIDGET,MAXIMUM_LENGTH,LOWEST_ALLOWED_VALUE,HIGHEST_ALLOWED_VALUE,L10N_REC_GROUP_ID,L10N_CODE_TYPE,VALIDATION_CODE,BASE_IND,ENABLE_IND) values (7,37,'STATE','VARCHAR2','VARCHAR2_7','Y',7,'RG',5,null,null,8,null,'L10N_BR_FND_SQL.VALIDATE_STATE(:O_ERROR,:O_STATE_DESCR,:O_COUNTRY_DESCR,:IO_COUNTRY,:I_JURISDICTION_CODE, :I_STATE)','Y','N');
Insert into L10N_ATTRIB (GROUP_ID,ATTRIB_ID,VIEW_COL_NAME,DATA_TYPE,ATTRIB_STORAGE_COL,VALUE_REQ,DISPLAY_SEQ,UI_WIDGET,MAXIMUM_LENGTH,LOWEST_ALLOWED_VALUE,HIGHEST_ALLOWED_VALUE,L10N_REC_GROUP_ID,L10N_CODE_TYPE,VALIDATION_CODE,BASE_IND,ENABLE_IND) values (7,38,'COUNTRY','VARCHAR2','VARCHAR2_8','Y',8,'RG',3,null,null,1,null,'L10N_BR_FND_SQL.VALIDATE_COUNTRY(:O_ERROR,:O_COUNTRY_DESCR,:I_COUNTRY,:I_JURISDICTION_CODE,:I_STATE)','Y','N');
Insert into L10N_ATTRIB (GROUP_ID,ATTRIB_ID,VIEW_COL_NAME,DATA_TYPE,ATTRIB_STORAGE_COL,VALUE_REQ,DISPLAY_SEQ,UI_WIDGET,MAXIMUM_LENGTH,LOWEST_ALLOWED_VALUE,HIGHEST_ALLOWED_VALUE,L10N_REC_GROUP_ID,L10N_CODE_TYPE,VALIDATION_CODE,BASE_IND,ENABLE_IND) values (7,39,'POSTAL_CODE','VARCHAR2','VARCHAR2_9','N',9,'TI',30,null,null,null,null,null,'Y','N');
Insert into L10N_ATTRIB (GROUP_ID,ATTRIB_ID,VIEW_COL_NAME,DATA_TYPE,ATTRIB_STORAGE_COL,VALUE_REQ,DISPLAY_SEQ,UI_WIDGET,MAXIMUM_LENGTH,LOWEST_ALLOWED_VALUE,HIGHEST_ALLOWED_VALUE,L10N_REC_GROUP_ID,L10N_CODE_TYPE,VALIDATION_CODE,BASE_IND,ENABLE_IND) values (8,40,'CPF','VARCHAR2','VARCHAR2_1','N',1,'TI',11,null,null,null,null,null,'Y','Y');
Insert into L10N_ATTRIB (GROUP_ID,ATTRIB_ID,VIEW_COL_NAME,DATA_TYPE,ATTRIB_STORAGE_COL,VALUE_REQ,DISPLAY_SEQ,UI_WIDGET,MAXIMUM_LENGTH,LOWEST_ALLOWED_VALUE,HIGHEST_ALLOWED_VALUE,L10N_REC_GROUP_ID,L10N_CODE_TYPE,VALIDATION_CODE,BASE_IND,ENABLE_IND) values (8,41,'CNPJ','VARCHAR2','VARCHAR2_2','Y',2,'TI',14,null,null,null,null,null,'Y','Y');
Insert into L10N_ATTRIB (GROUP_ID,ATTRIB_ID,VIEW_COL_NAME,DATA_TYPE,ATTRIB_STORAGE_COL,VALUE_REQ,DISPLAY_SEQ,UI_WIDGET,MAXIMUM_LENGTH,LOWEST_ALLOWED_VALUE,HIGHEST_ALLOWED_VALUE,L10N_REC_GROUP_ID,L10N_CODE_TYPE,VALIDATION_CODE,BASE_IND,ENABLE_IND) values (8,43,'NIT','VARCHAR2','VARCHAR2_3','N',4,'TI',250,null,null,null,null,null,'Y','Y');
Insert into L10N_ATTRIB (GROUP_ID,ATTRIB_ID,VIEW_COL_NAME,DATA_TYPE,ATTRIB_STORAGE_COL,VALUE_REQ,DISPLAY_SEQ,UI_WIDGET,MAXIMUM_LENGTH,LOWEST_ALLOWED_VALUE,HIGHEST_ALLOWED_VALUE,L10N_REC_GROUP_ID,L10N_CODE_TYPE,VALIDATION_CODE,BASE_IND,ENABLE_IND) values (8,44,'SUFRAMA','VARCHAR2','VARCHAR2_4','N',5,'TI',250,null,null,null,null,null,'Y','Y');
Insert into L10N_ATTRIB (GROUP_ID,ATTRIB_ID,VIEW_COL_NAME,DATA_TYPE,ATTRIB_STORAGE_COL,VALUE_REQ,DISPLAY_SEQ,UI_WIDGET,MAXIMUM_LENGTH,LOWEST_ALLOWED_VALUE,HIGHEST_ALLOWED_VALUE,L10N_REC_GROUP_ID,L10N_CODE_TYPE,VALIDATION_CODE,BASE_IND,ENABLE_IND) values (8,45,'IM','VARCHAR2','VARCHAR2_5','N',6,'TI',250,null,null,null,null,null,'Y','Y');
Insert into L10N_ATTRIB (GROUP_ID,ATTRIB_ID,VIEW_COL_NAME,DATA_TYPE,ATTRIB_STORAGE_COL,VALUE_REQ,DISPLAY_SEQ,UI_WIDGET,MAXIMUM_LENGTH,LOWEST_ALLOWED_VALUE,HIGHEST_ALLOWED_VALUE,L10N_REC_GROUP_ID,L10N_CODE_TYPE,VALIDATION_CODE,BASE_IND,ENABLE_IND) values (8,46,'IE','VARCHAR2','VARCHAR2_6','Y',7,'TI',250,null,null,null,null,null,'Y','Y');
Insert into L10N_ATTRIB (GROUP_ID,ATTRIB_ID,VIEW_COL_NAME,DATA_TYPE,ATTRIB_STORAGE_COL,VALUE_REQ,DISPLAY_SEQ,UI_WIDGET,MAXIMUM_LENGTH,LOWEST_ALLOWED_VALUE,HIGHEST_ALLOWED_VALUE,L10N_REC_GROUP_ID,L10N_CODE_TYPE,VALIDATION_CODE,BASE_IND,ENABLE_IND) values (9,47,'ISS_CONTRIB_IND','VARCHAR2','VARCHAR2_1','Y',1,'CB',1,null,null,null,null,null,'Y','Y');
Insert into L10N_ATTRIB (GROUP_ID,ATTRIB_ID,VIEW_COL_NAME,DATA_TYPE,ATTRIB_STORAGE_COL,VALUE_REQ,DISPLAY_SEQ,UI_WIDGET,MAXIMUM_LENGTH,LOWEST_ALLOWED_VALUE,HIGHEST_ALLOWED_VALUE,L10N_REC_GROUP_ID,L10N_CODE_TYPE,VALIDATION_CODE,BASE_IND,ENABLE_IND) values (9,48,'RURAL_PROD_IND','VARCHAR2','VARCHAR2_2','Y',2,'CB',1,null,null,null,null,null,'Y','Y');
Insert into L10N_ATTRIB (GROUP_ID,ATTRIB_ID,VIEW_COL_NAME,DATA_TYPE,ATTRIB_STORAGE_COL,VALUE_REQ,DISPLAY_SEQ,UI_WIDGET,MAXIMUM_LENGTH,LOWEST_ALLOWED_VALUE,HIGHEST_ALLOWED_VALUE,L10N_REC_GROUP_ID,L10N_CODE_TYPE,VALIDATION_CODE,BASE_IND,ENABLE_IND) values (9,49,'IPI_IND','VARCHAR2','VARCHAR2_3','Y',3,'CB',3,null,null,null,null,null,'Y','Y');
Insert into L10N_ATTRIB (GROUP_ID,ATTRIB_ID,VIEW_COL_NAME,DATA_TYPE,ATTRIB_STORAGE_COL,VALUE_REQ,DISPLAY_SEQ,UI_WIDGET,MAXIMUM_LENGTH,LOWEST_ALLOWED_VALUE,HIGHEST_ALLOWED_VALUE,L10N_REC_GROUP_ID,L10N_CODE_TYPE,VALIDATION_CODE,BASE_IND,ENABLE_IND) values (10,50,'MATCH_OPR_TYPE','VARCHAR2','VARCHAR2_1','Y',1,'LI',6,null,null,null,'MOPT',null,'Y','Y');
Insert into L10N_ATTRIB (GROUP_ID,ATTRIB_ID,VIEW_COL_NAME,DATA_TYPE,ATTRIB_STORAGE_COL,VALUE_REQ,DISPLAY_SEQ,UI_WIDGET,MAXIMUM_LENGTH,LOWEST_ALLOWED_VALUE,HIGHEST_ALLOWED_VALUE,L10N_REC_GROUP_ID,L10N_CODE_TYPE,VALIDATION_CODE,BASE_IND,ENABLE_IND) values (10,51,'CONTROL_REC_ST_IND','VARCHAR2','VARCHAR2_2','Y',2,'CB',1,null,null,null,null,null,'Y','Y');
Insert into L10N_ATTRIB (GROUP_ID,ATTRIB_ID,VIEW_COL_NAME,DATA_TYPE,ATTRIB_STORAGE_COL,VALUE_REQ,DISPLAY_SEQ,UI_WIDGET,MAXIMUM_LENGTH,LOWEST_ALLOWED_VALUE,HIGHEST_ALLOWED_VALUE,L10N_REC_GROUP_ID,L10N_CODE_TYPE,VALIDATION_CODE,BASE_IND,ENABLE_IND) values (11,52,'TAXPAYER_TYPE','VARCHAR2','VARCHAR2_1','Y',1,'LI',1,null,null,null,'TXCP',null,'Y','Y');
Insert into L10N_ATTRIB (GROUP_ID,ATTRIB_ID,VIEW_COL_NAME,DATA_TYPE,ATTRIB_STORAGE_COL,VALUE_REQ,DISPLAY_SEQ,UI_WIDGET,MAXIMUM_LENGTH,LOWEST_ALLOWED_VALUE,HIGHEST_ALLOWED_VALUE,L10N_REC_GROUP_ID,L10N_CODE_TYPE,VALIDATION_CODE,BASE_IND,ENABLE_IND) values (11,53,'ADDR_1','VARCHAR2','VARCHAR2_2','Y',2,'TI',240,null,null,null,null,null,'Y','N');
Insert into L10N_ATTRIB (GROUP_ID,ATTRIB_ID,VIEW_COL_NAME,DATA_TYPE,ATTRIB_STORAGE_COL,VALUE_REQ,DISPLAY_SEQ,UI_WIDGET,MAXIMUM_LENGTH,LOWEST_ALLOWED_VALUE,HIGHEST_ALLOWED_VALUE,L10N_REC_GROUP_ID,L10N_CODE_TYPE,VALIDATION_CODE,BASE_IND,ENABLE_IND) values (11,54,'ADDR_2','VARCHAR2','VARCHAR2_3','N',3,'TI',240,null,null,null,null,null,'Y','N');
Insert into L10N_ATTRIB (GROUP_ID,ATTRIB_ID,VIEW_COL_NAME,DATA_TYPE,ATTRIB_STORAGE_COL,VALUE_REQ,DISPLAY_SEQ,UI_WIDGET,MAXIMUM_LENGTH,LOWEST_ALLOWED_VALUE,HIGHEST_ALLOWED_VALUE,L10N_REC_GROUP_ID,L10N_CODE_TYPE,VALIDATION_CODE,BASE_IND,ENABLE_IND) values (11,55,'ADDR_3','VARCHAR2','VARCHAR2_4','N',4,'TI',240,null,null,null,null,null,'Y','N');
Insert into L10N_ATTRIB (GROUP_ID,ATTRIB_ID,VIEW_COL_NAME,DATA_TYPE,ATTRIB_STORAGE_COL,VALUE_REQ,DISPLAY_SEQ,UI_WIDGET,MAXIMUM_LENGTH,LOWEST_ALLOWED_VALUE,HIGHEST_ALLOWED_VALUE,L10N_REC_GROUP_ID,L10N_CODE_TYPE,VALIDATION_CODE,BASE_IND,ENABLE_IND) values (11,56,'NEIGHBORHOOD','VARCHAR2','VARCHAR2_5','Y',5,'TI',240,null,null,null,null,null,'Y','Y');
Insert into L10N_ATTRIB (GROUP_ID,ATTRIB_ID,VIEW_COL_NAME,DATA_TYPE,ATTRIB_STORAGE_COL,VALUE_REQ,DISPLAY_SEQ,UI_WIDGET,MAXIMUM_LENGTH,LOWEST_ALLOWED_VALUE,HIGHEST_ALLOWED_VALUE,L10N_REC_GROUP_ID,L10N_CODE_TYPE,VALIDATION_CODE,BASE_IND,ENABLE_IND) values (11,57,'JURISDICTION_CODE','VARCHAR2','VARCHAR2_6','Y',6,'RG',10,null,null,7,null,'L10N_BR_FND_SQL.VALIDATE_JURISDICTION(:O_ERROR,:O_JURISDICTION_CODE_DESCR,:O_STATE_DESCR,:O_COUNTRY_DESCR,:IO_STATE,:IO_COUNTRY,:I_JURISDICTION_CODE)','Y','N');
Insert into L10N_ATTRIB (GROUP_ID,ATTRIB_ID,VIEW_COL_NAME,DATA_TYPE,ATTRIB_STORAGE_COL,VALUE_REQ,DISPLAY_SEQ,UI_WIDGET,MAXIMUM_LENGTH,LOWEST_ALLOWED_VALUE,HIGHEST_ALLOWED_VALUE,L10N_REC_GROUP_ID,L10N_CODE_TYPE,VALIDATION_CODE,BASE_IND,ENABLE_IND) values (11,58,'STATE','VARCHAR2','VARCHAR2_7','Y',7,'RG',5,null,null,8,null,'L10N_BR_FND_SQL.VALIDATE_STATE(:O_ERROR,:O_STATE_DESCR,:O_COUNTRY_DESCR,:IO_COUNTRY,:I_JURISDICTION_CODE, :I_STATE)','Y','N');
Insert into L10N_ATTRIB (GROUP_ID,ATTRIB_ID,VIEW_COL_NAME,DATA_TYPE,ATTRIB_STORAGE_COL,VALUE_REQ,DISPLAY_SEQ,UI_WIDGET,MAXIMUM_LENGTH,LOWEST_ALLOWED_VALUE,HIGHEST_ALLOWED_VALUE,L10N_REC_GROUP_ID,L10N_CODE_TYPE,VALIDATION_CODE,BASE_IND,ENABLE_IND) values (11,59,'COUNTRY','VARCHAR2','VARCHAR2_8','Y',8,'RG',3,null,null,1,null,'L10N_BR_FND_SQL.VALIDATE_COUNTRY(:O_ERROR,:O_COUNTRY_DESCR,:I_COUNTRY,:I_JURISDICTION_CODE,:I_STATE)','Y','N');
Insert into L10N_ATTRIB (GROUP_ID,ATTRIB_ID,VIEW_COL_NAME,DATA_TYPE,ATTRIB_STORAGE_COL,VALUE_REQ,DISPLAY_SEQ,UI_WIDGET,MAXIMUM_LENGTH,LOWEST_ALLOWED_VALUE,HIGHEST_ALLOWED_VALUE,L10N_REC_GROUP_ID,L10N_CODE_TYPE,VALIDATION_CODE,BASE_IND,ENABLE_IND) values (11,60,'POSTAL_CODE','VARCHAR2','VARCHAR2_9','N',9,'TI',30,null,null,null,null,null,'Y','N');
Insert into L10N_ATTRIB (GROUP_ID,ATTRIB_ID,VIEW_COL_NAME,DATA_TYPE,ATTRIB_STORAGE_COL,VALUE_REQ,DISPLAY_SEQ,UI_WIDGET,MAXIMUM_LENGTH,LOWEST_ALLOWED_VALUE,HIGHEST_ALLOWED_VALUE,L10N_REC_GROUP_ID,L10N_CODE_TYPE,VALIDATION_CODE,BASE_IND,ENABLE_IND) values (12,61,'CPF','VARCHAR2','VARCHAR2_1','N',1,'TI',11,null,null,null,null,null,'Y','Y');
Insert into L10N_ATTRIB (GROUP_ID,ATTRIB_ID,VIEW_COL_NAME,DATA_TYPE,ATTRIB_STORAGE_COL,VALUE_REQ,DISPLAY_SEQ,UI_WIDGET,MAXIMUM_LENGTH,LOWEST_ALLOWED_VALUE,HIGHEST_ALLOWED_VALUE,L10N_REC_GROUP_ID,L10N_CODE_TYPE,VALIDATION_CODE,BASE_IND,ENABLE_IND) values (12,62,'CNPJ','VARCHAR2','VARCHAR2_2','Y',2,'TI',14,null,null,null,null,null,'Y','Y');
Insert into L10N_ATTRIB (GROUP_ID,ATTRIB_ID,VIEW_COL_NAME,DATA_TYPE,ATTRIB_STORAGE_COL,VALUE_REQ,DISPLAY_SEQ,UI_WIDGET,MAXIMUM_LENGTH,LOWEST_ALLOWED_VALUE,HIGHEST_ALLOWED_VALUE,L10N_REC_GROUP_ID,L10N_CODE_TYPE,VALIDATION_CODE,BASE_IND,ENABLE_IND) values (12,64,'NIT','VARCHAR2','VARCHAR2_3','N',4,'TI',250,null,null,null,null,null,'Y','Y');
Insert into L10N_ATTRIB (GROUP_ID,ATTRIB_ID,VIEW_COL_NAME,DATA_TYPE,ATTRIB_STORAGE_COL,VALUE_REQ,DISPLAY_SEQ,UI_WIDGET,MAXIMUM_LENGTH,LOWEST_ALLOWED_VALUE,HIGHEST_ALLOWED_VALUE,L10N_REC_GROUP_ID,L10N_CODE_TYPE,VALIDATION_CODE,BASE_IND,ENABLE_IND) values (12,65,'SUFRAMA','VARCHAR2','VARCHAR2_4','N',5,'TI',250,null,null,null,null,null,'Y','Y');
Insert into L10N_ATTRIB (GROUP_ID,ATTRIB_ID,VIEW_COL_NAME,DATA_TYPE,ATTRIB_STORAGE_COL,VALUE_REQ,DISPLAY_SEQ,UI_WIDGET,MAXIMUM_LENGTH,LOWEST_ALLOWED_VALUE,HIGHEST_ALLOWED_VALUE,L10N_REC_GROUP_ID,L10N_CODE_TYPE,VALIDATION_CODE,BASE_IND,ENABLE_IND) values (12,66,'IM','VARCHAR2','VARCHAR2_5','N',6,'TI',250,null,null,null,null,null,'Y','Y');
Insert into L10N_ATTRIB (GROUP_ID,ATTRIB_ID,VIEW_COL_NAME,DATA_TYPE,ATTRIB_STORAGE_COL,VALUE_REQ,DISPLAY_SEQ,UI_WIDGET,MAXIMUM_LENGTH,LOWEST_ALLOWED_VALUE,HIGHEST_ALLOWED_VALUE,L10N_REC_GROUP_ID,L10N_CODE_TYPE,VALIDATION_CODE,BASE_IND,ENABLE_IND) values (12,67,'IE','VARCHAR2','VARCHAR2_6','Y',7,'TI',250,null,null,null,null,null,'Y','Y');
Insert into L10N_ATTRIB (GROUP_ID,ATTRIB_ID,VIEW_COL_NAME,DATA_TYPE,ATTRIB_STORAGE_COL,VALUE_REQ,DISPLAY_SEQ,UI_WIDGET,MAXIMUM_LENGTH,LOWEST_ALLOWED_VALUE,HIGHEST_ALLOWED_VALUE,L10N_REC_GROUP_ID,L10N_CODE_TYPE,VALIDATION_CODE,BASE_IND,ENABLE_IND) values (13,68,'ISS_CONTRIB_IND','VARCHAR2','VARCHAR2_1','Y',1,'CB',1,null,null,null,null,null,'Y','Y');
Insert into L10N_ATTRIB (GROUP_ID,ATTRIB_ID,VIEW_COL_NAME,DATA_TYPE,ATTRIB_STORAGE_COL,VALUE_REQ,DISPLAY_SEQ,UI_WIDGET,MAXIMUM_LENGTH,LOWEST_ALLOWED_VALUE,HIGHEST_ALLOWED_VALUE,L10N_REC_GROUP_ID,L10N_CODE_TYPE,VALIDATION_CODE,BASE_IND,ENABLE_IND) values (13,69,'RURAL_PROD_IND','VARCHAR2','VARCHAR2_2','Y',2,'CB',1,null,null,null,null,null,'Y','Y');
Insert into L10N_ATTRIB (GROUP_ID,ATTRIB_ID,VIEW_COL_NAME,DATA_TYPE,ATTRIB_STORAGE_COL,VALUE_REQ,DISPLAY_SEQ,UI_WIDGET,MAXIMUM_LENGTH,LOWEST_ALLOWED_VALUE,HIGHEST_ALLOWED_VALUE,L10N_REC_GROUP_ID,L10N_CODE_TYPE,VALIDATION_CODE,BASE_IND,ENABLE_IND) values (13,70,'IPI_IND','VARCHAR2','VARCHAR2_3','Y',3,'CB',1,null,null,null,null,null,'Y','Y');
Insert into L10N_ATTRIB (GROUP_ID,ATTRIB_ID,VIEW_COL_NAME,DATA_TYPE,ATTRIB_STORAGE_COL,VALUE_REQ,DISPLAY_SEQ,UI_WIDGET,MAXIMUM_LENGTH,LOWEST_ALLOWED_VALUE,HIGHEST_ALLOWED_VALUE,L10N_REC_GROUP_ID,L10N_CODE_TYPE,VALIDATION_CODE,BASE_IND,ENABLE_IND) values (14,71,'MATCH_OPR_TYPE','VARCHAR2','VARCHAR2_1','Y',1,'LI',6,null,null,null,'MOPT',null,'Y','Y');
Insert into L10N_ATTRIB (GROUP_ID,ATTRIB_ID,VIEW_COL_NAME,DATA_TYPE,ATTRIB_STORAGE_COL,VALUE_REQ,DISPLAY_SEQ,UI_WIDGET,MAXIMUM_LENGTH,LOWEST_ALLOWED_VALUE,HIGHEST_ALLOWED_VALUE,L10N_REC_GROUP_ID,L10N_CODE_TYPE,VALIDATION_CODE,BASE_IND,ENABLE_IND) values (14,72,'CONTROL_REC_ST_IND','VARCHAR2','VARCHAR2_2','Y',2,'CB',1,null,null,null,null,null,'Y','Y');
Insert into L10N_ATTRIB (GROUP_ID,ATTRIB_ID,VIEW_COL_NAME,DATA_TYPE,ATTRIB_STORAGE_COL,VALUE_REQ,DISPLAY_SEQ,UI_WIDGET,MAXIMUM_LENGTH,LOWEST_ALLOWED_VALUE,HIGHEST_ALLOWED_VALUE,L10N_REC_GROUP_ID,L10N_CODE_TYPE,VALIDATION_CODE,BASE_IND,ENABLE_IND) values (15,73,'TAXPAYER_TYPE','VARCHAR2','VARCHAR2_1','Y',1,'LI',1,null,null,null,'TXCP',null,'Y','Y');
Insert into L10N_ATTRIB (GROUP_ID,ATTRIB_ID,VIEW_COL_NAME,DATA_TYPE,ATTRIB_STORAGE_COL,VALUE_REQ,DISPLAY_SEQ,UI_WIDGET,MAXIMUM_LENGTH,LOWEST_ALLOWED_VALUE,HIGHEST_ALLOWED_VALUE,L10N_REC_GROUP_ID,L10N_CODE_TYPE,VALIDATION_CODE,BASE_IND,ENABLE_IND) values (15,74,'ADDR_1','VARCHAR2','VARCHAR2_2','Y',2,'TI',240,null,null,null,null,null,'Y','N');
Insert into L10N_ATTRIB (GROUP_ID,ATTRIB_ID,VIEW_COL_NAME,DATA_TYPE,ATTRIB_STORAGE_COL,VALUE_REQ,DISPLAY_SEQ,UI_WIDGET,MAXIMUM_LENGTH,LOWEST_ALLOWED_VALUE,HIGHEST_ALLOWED_VALUE,L10N_REC_GROUP_ID,L10N_CODE_TYPE,VALIDATION_CODE,BASE_IND,ENABLE_IND) values (15,75,'ADDR_2','VARCHAR2','VARCHAR2_3','N',3,'TI',240,null,null,null,null,null,'Y','N');
Insert into L10N_ATTRIB (GROUP_ID,ATTRIB_ID,VIEW_COL_NAME,DATA_TYPE,ATTRIB_STORAGE_COL,VALUE_REQ,DISPLAY_SEQ,UI_WIDGET,MAXIMUM_LENGTH,LOWEST_ALLOWED_VALUE,HIGHEST_ALLOWED_VALUE,L10N_REC_GROUP_ID,L10N_CODE_TYPE,VALIDATION_CODE,BASE_IND,ENABLE_IND) values (15,76,'ADDR_3','VARCHAR2','VARCHAR2_4','N',4,'TI',240,null,null,null,null,null,'Y','N');
Insert into L10N_ATTRIB (GROUP_ID,ATTRIB_ID,VIEW_COL_NAME,DATA_TYPE,ATTRIB_STORAGE_COL,VALUE_REQ,DISPLAY_SEQ,UI_WIDGET,MAXIMUM_LENGTH,LOWEST_ALLOWED_VALUE,HIGHEST_ALLOWED_VALUE,L10N_REC_GROUP_ID,L10N_CODE_TYPE,VALIDATION_CODE,BASE_IND,ENABLE_IND) values (15,77,'NEIGHBORHOOD','VARCHAR2','VARCHAR2_5','Y',5,'TI',240,null,null,null,null,null,'Y','Y');
Insert into L10N_ATTRIB (GROUP_ID,ATTRIB_ID,VIEW_COL_NAME,DATA_TYPE,ATTRIB_STORAGE_COL,VALUE_REQ,DISPLAY_SEQ,UI_WIDGET,MAXIMUM_LENGTH,LOWEST_ALLOWED_VALUE,HIGHEST_ALLOWED_VALUE,L10N_REC_GROUP_ID,L10N_CODE_TYPE,VALIDATION_CODE,BASE_IND,ENABLE_IND) values (15,78,'JURISDICTION_CODE','VARCHAR2','VARCHAR2_6','Y',6,'RG',10,null,null,7,null,'L10N_BR_FND_SQL.VALIDATE_JURISDICTION(:O_ERROR,:O_JURISDICTION_CODE_DESCR,:O_STATE_DESCR,:O_COUNTRY_DESCR,:IO_STATE,:IO_COUNTRY,:I_JURISDICTION_CODE)','Y','N');
Insert into L10N_ATTRIB (GROUP_ID,ATTRIB_ID,VIEW_COL_NAME,DATA_TYPE,ATTRIB_STORAGE_COL,VALUE_REQ,DISPLAY_SEQ,UI_WIDGET,MAXIMUM_LENGTH,LOWEST_ALLOWED_VALUE,HIGHEST_ALLOWED_VALUE,L10N_REC_GROUP_ID,L10N_CODE_TYPE,VALIDATION_CODE,BASE_IND,ENABLE_IND) values (15,79,'STATE','VARCHAR2','VARCHAR2_7','Y',7,'RG',5,null,null,8,null,'L10N_BR_FND_SQL.VALIDATE_STATE(:O_ERROR,:O_STATE_DESCR,:O_COUNTRY_DESCR,:IO_COUNTRY,:I_JURISDICTION_CODE, :I_STATE)','Y','N');
Insert into L10N_ATTRIB (GROUP_ID,ATTRIB_ID,VIEW_COL_NAME,DATA_TYPE,ATTRIB_STORAGE_COL,VALUE_REQ,DISPLAY_SEQ,UI_WIDGET,MAXIMUM_LENGTH,LOWEST_ALLOWED_VALUE,HIGHEST_ALLOWED_VALUE,L10N_REC_GROUP_ID,L10N_CODE_TYPE,VALIDATION_CODE,BASE_IND,ENABLE_IND) values (15,80,'COUNTRY','VARCHAR2','VARCHAR2_8','Y',8,'RG',3,null,null,1,null,'L10N_BR_FND_SQL.VALIDATE_COUNTRY(:O_ERROR,:O_COUNTRY_DESCR,:I_COUNTRY,:I_JURISDICTION_CODE,:I_STATE)','Y','N');
Insert into L10N_ATTRIB (GROUP_ID,ATTRIB_ID,VIEW_COL_NAME,DATA_TYPE,ATTRIB_STORAGE_COL,VALUE_REQ,DISPLAY_SEQ,UI_WIDGET,MAXIMUM_LENGTH,LOWEST_ALLOWED_VALUE,HIGHEST_ALLOWED_VALUE,L10N_REC_GROUP_ID,L10N_CODE_TYPE,VALIDATION_CODE,BASE_IND,ENABLE_IND) values (15,81,'POSTAL_CODE','VARCHAR2','VARCHAR2_9','N',9,'TI',30,null,null,null,null,null,'Y','N');
Insert into L10N_ATTRIB (GROUP_ID,ATTRIB_ID,VIEW_COL_NAME,DATA_TYPE,ATTRIB_STORAGE_COL,VALUE_REQ,DISPLAY_SEQ,UI_WIDGET,MAXIMUM_LENGTH,LOWEST_ALLOWED_VALUE,HIGHEST_ALLOWED_VALUE,L10N_REC_GROUP_ID,L10N_CODE_TYPE,VALIDATION_CODE,BASE_IND,ENABLE_IND) values (16,82,'CPF','VARCHAR2','VARCHAR2_1','N',1,'TI',11,null,null,null,null,null,'Y','Y');
Insert into L10N_ATTRIB (GROUP_ID,ATTRIB_ID,VIEW_COL_NAME,DATA_TYPE,ATTRIB_STORAGE_COL,VALUE_REQ,DISPLAY_SEQ,UI_WIDGET,MAXIMUM_LENGTH,LOWEST_ALLOWED_VALUE,HIGHEST_ALLOWED_VALUE,L10N_REC_GROUP_ID,L10N_CODE_TYPE,VALIDATION_CODE,BASE_IND,ENABLE_IND) values (16,83,'CNPJ','VARCHAR2','VARCHAR2_2','Y',2,'TI',14,null,null,null,null,null,'Y','Y');
Insert into L10N_ATTRIB (GROUP_ID,ATTRIB_ID,VIEW_COL_NAME,DATA_TYPE,ATTRIB_STORAGE_COL,VALUE_REQ,DISPLAY_SEQ,UI_WIDGET,MAXIMUM_LENGTH,LOWEST_ALLOWED_VALUE,HIGHEST_ALLOWED_VALUE,L10N_REC_GROUP_ID,L10N_CODE_TYPE,VALIDATION_CODE,BASE_IND,ENABLE_IND) values (16,85,'NIT','VARCHAR2','VARCHAR2_3','N',4,'TI',250,null,null,null,null,null,'Y','Y');
Insert into L10N_ATTRIB (GROUP_ID,ATTRIB_ID,VIEW_COL_NAME,DATA_TYPE,ATTRIB_STORAGE_COL,VALUE_REQ,DISPLAY_SEQ,UI_WIDGET,MAXIMUM_LENGTH,LOWEST_ALLOWED_VALUE,HIGHEST_ALLOWED_VALUE,L10N_REC_GROUP_ID,L10N_CODE_TYPE,VALIDATION_CODE,BASE_IND,ENABLE_IND) values (16,86,'SUFRAMA','VARCHAR2','VARCHAR2_4','N',5,'TI',250,null,null,null,null,null,'Y','Y');
Insert into L10N_ATTRIB (GROUP_ID,ATTRIB_ID,VIEW_COL_NAME,DATA_TYPE,ATTRIB_STORAGE_COL,VALUE_REQ,DISPLAY_SEQ,UI_WIDGET,MAXIMUM_LENGTH,LOWEST_ALLOWED_VALUE,HIGHEST_ALLOWED_VALUE,L10N_REC_GROUP_ID,L10N_CODE_TYPE,VALIDATION_CODE,BASE_IND,ENABLE_IND) values (16,87,'IM','VARCHAR2','VARCHAR2_5','N',6,'TI',250,null,null,null,null,null,'Y','Y');
Insert into L10N_ATTRIB (GROUP_ID,ATTRIB_ID,VIEW_COL_NAME,DATA_TYPE,ATTRIB_STORAGE_COL,VALUE_REQ,DISPLAY_SEQ,UI_WIDGET,MAXIMUM_LENGTH,LOWEST_ALLOWED_VALUE,HIGHEST_ALLOWED_VALUE,L10N_REC_GROUP_ID,L10N_CODE_TYPE,VALIDATION_CODE,BASE_IND,ENABLE_IND) values (16,88,'IE','VARCHAR2','VARCHAR2_6','Y',7,'TI',250,null,null,null,null,null,'Y','Y');
Insert into L10N_ATTRIB (GROUP_ID,ATTRIB_ID,VIEW_COL_NAME,DATA_TYPE,ATTRIB_STORAGE_COL,VALUE_REQ,DISPLAY_SEQ,UI_WIDGET,MAXIMUM_LENGTH,LOWEST_ALLOWED_VALUE,HIGHEST_ALLOWED_VALUE,L10N_REC_GROUP_ID,L10N_CODE_TYPE,VALIDATION_CODE,BASE_IND,ENABLE_IND) values (17,89,'IPI_IND','VARCHAR2','VARCHAR2_1','Y',1,'CB',1,null,null,null,null,null,'Y','Y');
Insert into L10N_ATTRIB (GROUP_ID,ATTRIB_ID,VIEW_COL_NAME,DATA_TYPE,ATTRIB_STORAGE_COL,VALUE_REQ,DISPLAY_SEQ,UI_WIDGET,MAXIMUM_LENGTH,LOWEST_ALLOWED_VALUE,HIGHEST_ALLOWED_VALUE,L10N_REC_GROUP_ID,L10N_CODE_TYPE,VALIDATION_CODE,BASE_IND,ENABLE_IND) values (18,90,'TAXPAYER_TYPE','VARCHAR2','VARCHAR2_1','Y',1,'LI',1,null,null,null,'TXCP',null,'Y','Y');
Insert into L10N_ATTRIB (GROUP_ID,ATTRIB_ID,VIEW_COL_NAME,DATA_TYPE,ATTRIB_STORAGE_COL,VALUE_REQ,DISPLAY_SEQ,UI_WIDGET,MAXIMUM_LENGTH,LOWEST_ALLOWED_VALUE,HIGHEST_ALLOWED_VALUE,L10N_REC_GROUP_ID,L10N_CODE_TYPE,VALIDATION_CODE,BASE_IND,ENABLE_IND) values (1,1,'FISCAL_COUNTRY_ID','VARCHAR2','VARCHAR2_1','Y',1,'RG',3,null,null,1,null,'L10N_BR_FND_SQL.GET_COUNTRY_DESC(:O_ERROR,:O_FISCAL_COUNTRY_ID_DESCR,:I_FISCAL_COUNTRY_ID,NULL)','Y','Y');
Insert into L10N_ATTRIB (GROUP_ID,ATTRIB_ID,VIEW_COL_NAME,DATA_TYPE,ATTRIB_STORAGE_COL,VALUE_REQ,DISPLAY_SEQ,UI_WIDGET,MAXIMUM_LENGTH,LOWEST_ALLOWED_VALUE,HIGHEST_ALLOWED_VALUE,L10N_REC_GROUP_ID,L10N_CODE_TYPE,VALIDATION_CODE,BASE_IND,ENABLE_IND) values (24,128,'UTIL_CODE','VARCHAR2','VARCHAR2_1','Y',1,'RG',4,null,null,12,null,'L10N_BR_PO_SQL.GET_UTILTSF_DESC(:O_ERROR,:O_UTIL_CODE_DESCR,:I_UTIL_CODE)','Y','Y');
Insert into L10N_ATTRIB (GROUP_ID,ATTRIB_ID,VIEW_COL_NAME,DATA_TYPE,ATTRIB_STORAGE_COL,VALUE_REQ,DISPLAY_SEQ,UI_WIDGET,MAXIMUM_LENGTH,LOWEST_ALLOWED_VALUE,HIGHEST_ALLOWED_VALUE,L10N_REC_GROUP_ID,L10N_CODE_TYPE,VALIDATION_CODE,BASE_IND,ENABLE_IND) values (25,129,'UTIL_CODE','VARCHAR2','VARCHAR2_1','Y',1,'RG',4,null,null,11,null,'L10N_BR_PO_SQL.GET_UTILPO_DESC(:O_ERROR,:O_UTIL_CODE_DESCR,:I_UTIL_CODE)','Y','Y');
Insert into L10N_ATTRIB (GROUP_ID,ATTRIB_ID,VIEW_COL_NAME,DATA_TYPE,ATTRIB_STORAGE_COL,VALUE_REQ,DISPLAY_SEQ,UI_WIDGET,MAXIMUM_LENGTH,LOWEST_ALLOWED_VALUE,HIGHEST_ALLOWED_VALUE,L10N_REC_GROUP_ID,L10N_CODE_TYPE,VALIDATION_CODE,BASE_IND,ENABLE_IND) values (26,130,'UTIL_CODE','VARCHAR2','VARCHAR2_1','Y',1,'RG',4,null,null,12,null,'L10N_BR_PO_SQL.GET_UTILTSF_DESC(:O_ERROR,:O_UTIL_CODE_DESCR,:I_UTIL_CODE)','Y','Y');
Insert into L10N_ATTRIB (GROUP_ID,ATTRIB_ID,VIEW_COL_NAME,DATA_TYPE,ATTRIB_STORAGE_COL,VALUE_REQ,DISPLAY_SEQ,UI_WIDGET,MAXIMUM_LENGTH,LOWEST_ALLOWED_VALUE,HIGHEST_ALLOWED_VALUE,L10N_REC_GROUP_ID,L10N_CODE_TYPE,VALIDATION_CODE,BASE_IND,ENABLE_IND) values (27,131,'TAXPAYER_TYPE','VARCHAR2','VARCHAR2_1','Y',1,'LI',1,null,null,null,'TXCP',null,'Y','Y');
Insert into L10N_ATTRIB (GROUP_ID,ATTRIB_ID,VIEW_COL_NAME,DATA_TYPE,ATTRIB_STORAGE_COL,VALUE_REQ,DISPLAY_SEQ,UI_WIDGET,MAXIMUM_LENGTH,LOWEST_ALLOWED_VALUE,HIGHEST_ALLOWED_VALUE,L10N_REC_GROUP_ID,L10N_CODE_TYPE,VALIDATION_CODE,BASE_IND,ENABLE_IND) values (27,132,'ADDR_1','VARCHAR2','VARCHAR2_2','Y',2,'TI',240,null,null,null,null,null,'Y','N');
Insert into L10N_ATTRIB (GROUP_ID,ATTRIB_ID,VIEW_COL_NAME,DATA_TYPE,ATTRIB_STORAGE_COL,VALUE_REQ,DISPLAY_SEQ,UI_WIDGET,MAXIMUM_LENGTH,LOWEST_ALLOWED_VALUE,HIGHEST_ALLOWED_VALUE,L10N_REC_GROUP_ID,L10N_CODE_TYPE,VALIDATION_CODE,BASE_IND,ENABLE_IND) values (27,133,'ADDR_2','VARCHAR2','VARCHAR2_3','N',3,'TI',240,null,null,null,null,null,'Y','N');
Insert into L10N_ATTRIB (GROUP_ID,ATTRIB_ID,VIEW_COL_NAME,DATA_TYPE,ATTRIB_STORAGE_COL,VALUE_REQ,DISPLAY_SEQ,UI_WIDGET,MAXIMUM_LENGTH,LOWEST_ALLOWED_VALUE,HIGHEST_ALLOWED_VALUE,L10N_REC_GROUP_ID,L10N_CODE_TYPE,VALIDATION_CODE,BASE_IND,ENABLE_IND) values (27,134,'ADDR_3','VARCHAR2','VARCHAR2_4','N',4,'TI',240,null,null,null,null,null,'Y','N');
Insert into L10N_ATTRIB (GROUP_ID,ATTRIB_ID,VIEW_COL_NAME,DATA_TYPE,ATTRIB_STORAGE_COL,VALUE_REQ,DISPLAY_SEQ,UI_WIDGET,MAXIMUM_LENGTH,LOWEST_ALLOWED_VALUE,HIGHEST_ALLOWED_VALUE,L10N_REC_GROUP_ID,L10N_CODE_TYPE,VALIDATION_CODE,BASE_IND,ENABLE_IND) values (27,135,'NEIGHBORHOOD','VARCHAR2','VARCHAR2_5','Y',5,'TI',240,null,null,null,null,null,'Y','Y');
Insert into L10N_ATTRIB (GROUP_ID,ATTRIB_ID,VIEW_COL_NAME,DATA_TYPE,ATTRIB_STORAGE_COL,VALUE_REQ,DISPLAY_SEQ,UI_WIDGET,MAXIMUM_LENGTH,LOWEST_ALLOWED_VALUE,HIGHEST_ALLOWED_VALUE,L10N_REC_GROUP_ID,L10N_CODE_TYPE,VALIDATION_CODE,BASE_IND,ENABLE_IND) values (27,136,'JURISDICTION_CODE','VARCHAR2','VARCHAR2_6','Y',6,'RG',10,null,null,7,null,'L10N_BR_FND_SQL.VALIDATE_JURISDICTION(:O_ERROR,:O_JURISDICTION_CODE_DESCR,:O_STATE_DESCR,:O_COUNTRY_DESCR,:IO_STATE,:IO_COUNTRY,:I_JURISDICTION_CODE)','Y','N');
Insert into L10N_ATTRIB (GROUP_ID,ATTRIB_ID,VIEW_COL_NAME,DATA_TYPE,ATTRIB_STORAGE_COL,VALUE_REQ,DISPLAY_SEQ,UI_WIDGET,MAXIMUM_LENGTH,LOWEST_ALLOWED_VALUE,HIGHEST_ALLOWED_VALUE,L10N_REC_GROUP_ID,L10N_CODE_TYPE,VALIDATION_CODE,BASE_IND,ENABLE_IND) values (27,137,'STATE','VARCHAR2','VARCHAR2_7','Y',7,'RG',5,null,null,8,null,'L10N_BR_FND_SQL.VALIDATE_STATE(:O_ERROR,:O_STATE_DESCR,:O_COUNTRY_DESCR,:IO_COUNTRY,:I_JURISDICTION_CODE, :I_STATE)','Y','N');
Insert into L10N_ATTRIB (GROUP_ID,ATTRIB_ID,VIEW_COL_NAME,DATA_TYPE,ATTRIB_STORAGE_COL,VALUE_REQ,DISPLAY_SEQ,UI_WIDGET,MAXIMUM_LENGTH,LOWEST_ALLOWED_VALUE,HIGHEST_ALLOWED_VALUE,L10N_REC_GROUP_ID,L10N_CODE_TYPE,VALIDATION_CODE,BASE_IND,ENABLE_IND) values (27,138,'COUNTRY','VARCHAR2','VARCHAR2_8','Y',8,'RG',3,null,null,1,null,'L10N_BR_FND_SQL.VALIDATE_COUNTRY(:O_ERROR,:O_COUNTRY_DESCR,:I_COUNTRY,:I_JURISDICTION_CODE,:I_STATE)','Y','N');
Insert into L10N_ATTRIB (GROUP_ID,ATTRIB_ID,VIEW_COL_NAME,DATA_TYPE,ATTRIB_STORAGE_COL,VALUE_REQ,DISPLAY_SEQ,UI_WIDGET,MAXIMUM_LENGTH,LOWEST_ALLOWED_VALUE,HIGHEST_ALLOWED_VALUE,L10N_REC_GROUP_ID,L10N_CODE_TYPE,VALIDATION_CODE,BASE_IND,ENABLE_IND) values (27,139,'POSTAL_CODE','VARCHAR2','VARCHAR2_9','N',9,'TI',30,null,null,null,null,null,'Y','N');
Insert into L10N_ATTRIB (GROUP_ID,ATTRIB_ID,VIEW_COL_NAME,DATA_TYPE,ATTRIB_STORAGE_COL,VALUE_REQ,DISPLAY_SEQ,UI_WIDGET,MAXIMUM_LENGTH,LOWEST_ALLOWED_VALUE,HIGHEST_ALLOWED_VALUE,L10N_REC_GROUP_ID,L10N_CODE_TYPE,VALIDATION_CODE,BASE_IND,ENABLE_IND) values (28,140,'CPF','VARCHAR2','VARCHAR2_1','N',1,'TI',11,null,null,null,null,null,'Y','Y');
Insert into L10N_ATTRIB (GROUP_ID,ATTRIB_ID,VIEW_COL_NAME,DATA_TYPE,ATTRIB_STORAGE_COL,VALUE_REQ,DISPLAY_SEQ,UI_WIDGET,MAXIMUM_LENGTH,LOWEST_ALLOWED_VALUE,HIGHEST_ALLOWED_VALUE,L10N_REC_GROUP_ID,L10N_CODE_TYPE,VALIDATION_CODE,BASE_IND,ENABLE_IND) values (28,141,'CNPJ','VARCHAR2','VARCHAR2_2','Y',2,'TI',14,null,null,null,null,null,'Y','Y');
Insert into L10N_ATTRIB (GROUP_ID,ATTRIB_ID,VIEW_COL_NAME,DATA_TYPE,ATTRIB_STORAGE_COL,VALUE_REQ,DISPLAY_SEQ,UI_WIDGET,MAXIMUM_LENGTH,LOWEST_ALLOWED_VALUE,HIGHEST_ALLOWED_VALUE,L10N_REC_GROUP_ID,L10N_CODE_TYPE,VALIDATION_CODE,BASE_IND,ENABLE_IND) values (28,143,'NIT','VARCHAR2','VARCHAR2_3','N',4,'TI',250,null,null,null,null,null,'Y','Y');
Insert into L10N_ATTRIB (GROUP_ID,ATTRIB_ID,VIEW_COL_NAME,DATA_TYPE,ATTRIB_STORAGE_COL,VALUE_REQ,DISPLAY_SEQ,UI_WIDGET,MAXIMUM_LENGTH,LOWEST_ALLOWED_VALUE,HIGHEST_ALLOWED_VALUE,L10N_REC_GROUP_ID,L10N_CODE_TYPE,VALIDATION_CODE,BASE_IND,ENABLE_IND) values (28,144,'SUFRAMA','VARCHAR2','VARCHAR2_4','N',5,'TI',250,null,null,null,null,null,'Y','Y');
Insert into L10N_ATTRIB (GROUP_ID,ATTRIB_ID,VIEW_COL_NAME,DATA_TYPE,ATTRIB_STORAGE_COL,VALUE_REQ,DISPLAY_SEQ,UI_WIDGET,MAXIMUM_LENGTH,LOWEST_ALLOWED_VALUE,HIGHEST_ALLOWED_VALUE,L10N_REC_GROUP_ID,L10N_CODE_TYPE,VALIDATION_CODE,BASE_IND,ENABLE_IND) values (28,145,'IM','VARCHAR2','VARCHAR2_5','N',6,'TI',250,null,null,null,null,null,'Y','Y');
Insert into L10N_ATTRIB (GROUP_ID,ATTRIB_ID,VIEW_COL_NAME,DATA_TYPE,ATTRIB_STORAGE_COL,VALUE_REQ,DISPLAY_SEQ,UI_WIDGET,MAXIMUM_LENGTH,LOWEST_ALLOWED_VALUE,HIGHEST_ALLOWED_VALUE,L10N_REC_GROUP_ID,L10N_CODE_TYPE,VALIDATION_CODE,BASE_IND,ENABLE_IND) values (28,146,'IE','VARCHAR2','VARCHAR2_6','Y',7,'TI',250,null,null,null,null,null,'Y','Y');
Insert into L10N_ATTRIB (GROUP_ID,ATTRIB_ID,VIEW_COL_NAME,DATA_TYPE,ATTRIB_STORAGE_COL,VALUE_REQ,DISPLAY_SEQ,UI_WIDGET,MAXIMUM_LENGTH,LOWEST_ALLOWED_VALUE,HIGHEST_ALLOWED_VALUE,L10N_REC_GROUP_ID,L10N_CODE_TYPE,VALIDATION_CODE,BASE_IND,ENABLE_IND) values (29,147,'ISS_CONTRIB_IND','VARCHAR2','VARCHAR2_1','Y',1,'CB',1,null,null,null,null,null,'Y','Y');
Insert into L10N_ATTRIB (GROUP_ID,ATTRIB_ID,VIEW_COL_NAME,DATA_TYPE,ATTRIB_STORAGE_COL,VALUE_REQ,DISPLAY_SEQ,UI_WIDGET,MAXIMUM_LENGTH,LOWEST_ALLOWED_VALUE,HIGHEST_ALLOWED_VALUE,L10N_REC_GROUP_ID,L10N_CODE_TYPE,VALIDATION_CODE,BASE_IND,ENABLE_IND) values (29,148,'RURAL_PROD_IND','VARCHAR2','VARCHAR2_2','Y',2,'CB',1,null,null,null,null,null,'Y','Y');
Insert into L10N_ATTRIB (GROUP_ID,ATTRIB_ID,VIEW_COL_NAME,DATA_TYPE,ATTRIB_STORAGE_COL,VALUE_REQ,DISPLAY_SEQ,UI_WIDGET,MAXIMUM_LENGTH,LOWEST_ALLOWED_VALUE,HIGHEST_ALLOWED_VALUE,L10N_REC_GROUP_ID,L10N_CODE_TYPE,VALIDATION_CODE,BASE_IND,ENABLE_IND) values (29,149,'IPI_IND','VARCHAR2','VARCHAR2_3','Y',3,'CB',1,null,null,null,null,null,'Y','Y');
Insert into L10N_ATTRIB (GROUP_ID,ATTRIB_ID,VIEW_COL_NAME,DATA_TYPE,ATTRIB_STORAGE_COL,VALUE_REQ,DISPLAY_SEQ,UI_WIDGET,MAXIMUM_LENGTH,LOWEST_ALLOWED_VALUE,HIGHEST_ALLOWED_VALUE,L10N_REC_GROUP_ID,L10N_CODE_TYPE,VALIDATION_CODE,BASE_IND,ENABLE_IND) values (30,150,'MATCH_OPR_TYPE','VARCHAR2','VARCHAR2_1','Y',1,'LI',6,null,null,null,'MOPT',null,'Y','Y');
Insert into L10N_ATTRIB (GROUP_ID,ATTRIB_ID,VIEW_COL_NAME,DATA_TYPE,ATTRIB_STORAGE_COL,VALUE_REQ,DISPLAY_SEQ,UI_WIDGET,MAXIMUM_LENGTH,LOWEST_ALLOWED_VALUE,HIGHEST_ALLOWED_VALUE,L10N_REC_GROUP_ID,L10N_CODE_TYPE,VALIDATION_CODE,BASE_IND,ENABLE_IND) values (30,151,'CONTROL_REC_ST_IND','VARCHAR2','VARCHAR2_2','Y',2,'CB',1,null,null,null,null,null,'Y','Y');
Insert into L10N_ATTRIB (GROUP_ID,ATTRIB_ID,VIEW_COL_NAME,DATA_TYPE,ATTRIB_STORAGE_COL,VALUE_REQ,DISPLAY_SEQ,UI_WIDGET,MAXIMUM_LENGTH,LOWEST_ALLOWED_VALUE,HIGHEST_ALLOWED_VALUE,L10N_REC_GROUP_ID,L10N_CODE_TYPE,VALIDATION_CODE,BASE_IND,ENABLE_IND) values (9,152,'ICMS_CONTRIB_IND','VARCHAR2','VARCHAR2_4','Y',4,'CB',1,null,null,null,null,null,'Y','Y');
Insert into L10N_ATTRIB (GROUP_ID,ATTRIB_ID,VIEW_COL_NAME,DATA_TYPE,ATTRIB_STORAGE_COL,VALUE_REQ,DISPLAY_SEQ,UI_WIDGET,MAXIMUM_LENGTH,LOWEST_ALLOWED_VALUE,HIGHEST_ALLOWED_VALUE,L10N_REC_GROUP_ID,L10N_CODE_TYPE,VALIDATION_CODE,BASE_IND,ENABLE_IND) values (13,153,'ICMS_CONTRIB_IND','VARCHAR2','VARCHAR2_4','Y',4,'CB',1,null,null,null,null,null,'Y','Y');
Insert into L10N_ATTRIB (GROUP_ID,ATTRIB_ID,VIEW_COL_NAME,DATA_TYPE,ATTRIB_STORAGE_COL,VALUE_REQ,DISPLAY_SEQ,UI_WIDGET,MAXIMUM_LENGTH,LOWEST_ALLOWED_VALUE,HIGHEST_ALLOWED_VALUE,L10N_REC_GROUP_ID,L10N_CODE_TYPE,VALIDATION_CODE,BASE_IND,ENABLE_IND) values (20,154,'ICMS_CONTRIB_IND','VARCHAR2','VARCHAR2_6','Y',6,'CB',1,null,null,null,null,null,'Y','Y');
Insert into L10N_ATTRIB (GROUP_ID,ATTRIB_ID,VIEW_COL_NAME,DATA_TYPE,ATTRIB_STORAGE_COL,VALUE_REQ,DISPLAY_SEQ,UI_WIDGET,MAXIMUM_LENGTH,LOWEST_ALLOWED_VALUE,HIGHEST_ALLOWED_VALUE,L10N_REC_GROUP_ID,L10N_CODE_TYPE,VALIDATION_CODE,BASE_IND,ENABLE_IND) values (23,155,'ICMS_CONTRIB_IND','VARCHAR2','VARCHAR2_2','Y',2,'CB',1,null,null,null,null,null,'Y','Y');
Insert into L10N_ATTRIB (GROUP_ID,ATTRIB_ID,VIEW_COL_NAME,DATA_TYPE,ATTRIB_STORAGE_COL,VALUE_REQ,DISPLAY_SEQ,UI_WIDGET,MAXIMUM_LENGTH,LOWEST_ALLOWED_VALUE,HIGHEST_ALLOWED_VALUE,L10N_REC_GROUP_ID,L10N_CODE_TYPE,VALIDATION_CODE,BASE_IND,ENABLE_IND) values (29,156,'ICMS_CONTRIB_IND','VARCHAR2','VARCHAR2_4','Y',4,'CB',1,null,null,null,null,null,'Y','Y');
Insert into L10N_ATTRIB (GROUP_ID,ATTRIB_ID,VIEW_COL_NAME,DATA_TYPE,ATTRIB_STORAGE_COL,VALUE_REQ,DISPLAY_SEQ,UI_WIDGET,MAXIMUM_LENGTH,LOWEST_ALLOWED_VALUE,HIGHEST_ALLOWED_VALUE,L10N_REC_GROUP_ID,L10N_CODE_TYPE,VALIDATION_CODE,BASE_IND,ENABLE_IND) values (9,158,'PIS_CONTRIB_IND','VARCHAR2','VARCHAR2_5','Y',5,'CB',1,null,null,null,null,null,'Y','Y');
Insert into L10N_ATTRIB (GROUP_ID,ATTRIB_ID,VIEW_COL_NAME,DATA_TYPE,ATTRIB_STORAGE_COL,VALUE_REQ,DISPLAY_SEQ,UI_WIDGET,MAXIMUM_LENGTH,LOWEST_ALLOWED_VALUE,HIGHEST_ALLOWED_VALUE,L10N_REC_GROUP_ID,L10N_CODE_TYPE,VALIDATION_CODE,BASE_IND,ENABLE_IND) values (13,159,'PIS_CONTRIB_IND','VARCHAR2','VARCHAR2_5','Y',5,'CB',1,null,null,null,null,null,'Y','Y');
Insert into L10N_ATTRIB (GROUP_ID,ATTRIB_ID,VIEW_COL_NAME,DATA_TYPE,ATTRIB_STORAGE_COL,VALUE_REQ,DISPLAY_SEQ,UI_WIDGET,MAXIMUM_LENGTH,LOWEST_ALLOWED_VALUE,HIGHEST_ALLOWED_VALUE,L10N_REC_GROUP_ID,L10N_CODE_TYPE,VALIDATION_CODE,BASE_IND,ENABLE_IND) values (20,160,'PIS_CONTRIB_IND','VARCHAR2','VARCHAR2_7','Y',7,'CB',1,null,null,null,null,null,'Y','Y');
Insert into L10N_ATTRIB (GROUP_ID,ATTRIB_ID,VIEW_COL_NAME,DATA_TYPE,ATTRIB_STORAGE_COL,VALUE_REQ,DISPLAY_SEQ,UI_WIDGET,MAXIMUM_LENGTH,LOWEST_ALLOWED_VALUE,HIGHEST_ALLOWED_VALUE,L10N_REC_GROUP_ID,L10N_CODE_TYPE,VALIDATION_CODE,BASE_IND,ENABLE_IND) values (23,161,'PIS_CONTRIB_IND','VARCHAR2','VARCHAR2_3','Y',3,'CB',1,null,null,null,null,null,'Y','Y');
Insert into L10N_ATTRIB (GROUP_ID,ATTRIB_ID,VIEW_COL_NAME,DATA_TYPE,ATTRIB_STORAGE_COL,VALUE_REQ,DISPLAY_SEQ,UI_WIDGET,MAXIMUM_LENGTH,LOWEST_ALLOWED_VALUE,HIGHEST_ALLOWED_VALUE,L10N_REC_GROUP_ID,L10N_CODE_TYPE,VALIDATION_CODE,BASE_IND,ENABLE_IND) values (29,162,'PIS_CONTRIB_IND','VARCHAR2','VARCHAR2_5','Y',5,'CB',1,null,null,null,null,null,'Y','Y');
Insert into L10N_ATTRIB (GROUP_ID,ATTRIB_ID,VIEW_COL_NAME,DATA_TYPE,ATTRIB_STORAGE_COL,VALUE_REQ,DISPLAY_SEQ,UI_WIDGET,MAXIMUM_LENGTH,LOWEST_ALLOWED_VALUE,HIGHEST_ALLOWED_VALUE,L10N_REC_GROUP_ID,L10N_CODE_TYPE,VALIDATION_CODE,BASE_IND,ENABLE_IND) values (9,163,'COFINS_CONTRIB_IND','VARCHAR2','VARCHAR2_6','Y',6,'CB',1,null,null,null,null,null,'Y','Y');
Insert into L10N_ATTRIB (GROUP_ID,ATTRIB_ID,VIEW_COL_NAME,DATA_TYPE,ATTRIB_STORAGE_COL,VALUE_REQ,DISPLAY_SEQ,UI_WIDGET,MAXIMUM_LENGTH,LOWEST_ALLOWED_VALUE,HIGHEST_ALLOWED_VALUE,L10N_REC_GROUP_ID,L10N_CODE_TYPE,VALIDATION_CODE,BASE_IND,ENABLE_IND) values (13,164,'COFINS_CONTRIB_IND','VARCHAR2','VARCHAR2_6','Y',6,'CB',1,null,null,null,null,null,'Y','Y');
Insert into L10N_ATTRIB (GROUP_ID,ATTRIB_ID,VIEW_COL_NAME,DATA_TYPE,ATTRIB_STORAGE_COL,VALUE_REQ,DISPLAY_SEQ,UI_WIDGET,MAXIMUM_LENGTH,LOWEST_ALLOWED_VALUE,HIGHEST_ALLOWED_VALUE,L10N_REC_GROUP_ID,L10N_CODE_TYPE,VALIDATION_CODE,BASE_IND,ENABLE_IND) values (20,165,'COFINS_CONTRIB_IND','VARCHAR2','VARCHAR2_8','Y',8,'CB',1,null,null,null,null,null,'Y','Y');
Insert into L10N_ATTRIB (GROUP_ID,ATTRIB_ID,VIEW_COL_NAME,DATA_TYPE,ATTRIB_STORAGE_COL,VALUE_REQ,DISPLAY_SEQ,UI_WIDGET,MAXIMUM_LENGTH,LOWEST_ALLOWED_VALUE,HIGHEST_ALLOWED_VALUE,L10N_REC_GROUP_ID,L10N_CODE_TYPE,VALIDATION_CODE,BASE_IND,ENABLE_IND) values (23,166,'COFINS_CONTRIB_IND','VARCHAR2','VARCHAR2_4','Y',4,'CB',1,null,null,null,null,null,'Y','Y');
Insert into L10N_ATTRIB (GROUP_ID,ATTRIB_ID,VIEW_COL_NAME,DATA_TYPE,ATTRIB_STORAGE_COL,VALUE_REQ,DISPLAY_SEQ,UI_WIDGET,MAXIMUM_LENGTH,LOWEST_ALLOWED_VALUE,HIGHEST_ALLOWED_VALUE,L10N_REC_GROUP_ID,L10N_CODE_TYPE,VALIDATION_CODE,BASE_IND,ENABLE_IND) values (29,167,'COFINS_CONTRIB_IND','VARCHAR2','VARCHAR2_6','Y',6,'CB',1,null,null,null,null,null,'Y','Y');
Insert into L10N_ATTRIB (GROUP_ID,ATTRIB_ID,VIEW_COL_NAME,DATA_TYPE,ATTRIB_STORAGE_COL,VALUE_REQ,DISPLAY_SEQ,UI_WIDGET,MAXIMUM_LENGTH,LOWEST_ALLOWED_VALUE,HIGHEST_ALLOWED_VALUE,L10N_REC_GROUP_ID,L10N_CODE_TYPE,VALIDATION_CODE,BASE_IND,ENABLE_IND) values (31,168,'TAXPAYER_TYPE','VARCHAR2','VARCHAR2_1','Y',1,'LI',1,null,null,null,'TXCP',null,'Y','Y');
Insert into L10N_ATTRIB (GROUP_ID,ATTRIB_ID,VIEW_COL_NAME,DATA_TYPE,ATTRIB_STORAGE_COL,VALUE_REQ,DISPLAY_SEQ,UI_WIDGET,MAXIMUM_LENGTH,LOWEST_ALLOWED_VALUE,HIGHEST_ALLOWED_VALUE,L10N_REC_GROUP_ID,L10N_CODE_TYPE,VALIDATION_CODE,BASE_IND,ENABLE_IND) values (31,169,'ADDR_1','VARCHAR2','VARCHAR2_2','Y',2,'TI',240,null,null,null,null,null,'Y','Y');
Insert into L10N_ATTRIB (GROUP_ID,ATTRIB_ID,VIEW_COL_NAME,DATA_TYPE,ATTRIB_STORAGE_COL,VALUE_REQ,DISPLAY_SEQ,UI_WIDGET,MAXIMUM_LENGTH,LOWEST_ALLOWED_VALUE,HIGHEST_ALLOWED_VALUE,L10N_REC_GROUP_ID,L10N_CODE_TYPE,VALIDATION_CODE,BASE_IND,ENABLE_IND) values (31,170,'ADDR_2','VARCHAR2','VARCHAR2_3','N',3,'TI',240,null,null,null,null,null,'Y','Y');
Insert into L10N_ATTRIB (GROUP_ID,ATTRIB_ID,VIEW_COL_NAME,DATA_TYPE,ATTRIB_STORAGE_COL,VALUE_REQ,DISPLAY_SEQ,UI_WIDGET,MAXIMUM_LENGTH,LOWEST_ALLOWED_VALUE,HIGHEST_ALLOWED_VALUE,L10N_REC_GROUP_ID,L10N_CODE_TYPE,VALIDATION_CODE,BASE_IND,ENABLE_IND) values (31,171,'ADDR_3','VARCHAR2','VARCHAR2_4','N',4,'TI',240,null,null,null,null,null,'Y','Y');
Insert into L10N_ATTRIB (GROUP_ID,ATTRIB_ID,VIEW_COL_NAME,DATA_TYPE,ATTRIB_STORAGE_COL,VALUE_REQ,DISPLAY_SEQ,UI_WIDGET,MAXIMUM_LENGTH,LOWEST_ALLOWED_VALUE,HIGHEST_ALLOWED_VALUE,L10N_REC_GROUP_ID,L10N_CODE_TYPE,VALIDATION_CODE,BASE_IND,ENABLE_IND) values (31,172,'NEIGHBORHOOD','VARCHAR2','VARCHAR2_5','Y',5,'TI',240,null,null,null,null,null,'Y','Y');
Insert into L10N_ATTRIB (GROUP_ID,ATTRIB_ID,VIEW_COL_NAME,DATA_TYPE,ATTRIB_STORAGE_COL,VALUE_REQ,DISPLAY_SEQ,UI_WIDGET,MAXIMUM_LENGTH,LOWEST_ALLOWED_VALUE,HIGHEST_ALLOWED_VALUE,L10N_REC_GROUP_ID,L10N_CODE_TYPE,VALIDATION_CODE,BASE_IND,ENABLE_IND) values (31,173,'JURISDICTION_CODE','VARCHAR2','VARCHAR2_6','Y',6,'RG',10,null,null,7,null,'L10N_BR_FND_SQL.VALIDATE_JURISDICTION(:O_ERROR,:O_JURISDICTION_CODE_DESCR,:O_STATE_DESCR,:O_COUNTRY_DESCR,:IO_STATE,:IO_COUNTRY,:I_JURISDICTION_CODE)','Y','Y');
Insert into L10N_ATTRIB (GROUP_ID,ATTRIB_ID,VIEW_COL_NAME,DATA_TYPE,ATTRIB_STORAGE_COL,VALUE_REQ,DISPLAY_SEQ,UI_WIDGET,MAXIMUM_LENGTH,LOWEST_ALLOWED_VALUE,HIGHEST_ALLOWED_VALUE,L10N_REC_GROUP_ID,L10N_CODE_TYPE,VALIDATION_CODE,BASE_IND,ENABLE_IND) values (31,174,'STATE','VARCHAR2','VARCHAR2_7','Y',7,'RG',5,null,null,8,null,'L10N_BR_FND_SQL.VALIDATE_STATE(:O_ERROR,:O_STATE_DESCR,:O_COUNTRY_DESCR,:IO_COUNTRY,:I_JURISDICTION_CODE, :I_STATE)','Y','Y');
Insert into L10N_ATTRIB (GROUP_ID,ATTRIB_ID,VIEW_COL_NAME,DATA_TYPE,ATTRIB_STORAGE_COL,VALUE_REQ,DISPLAY_SEQ,UI_WIDGET,MAXIMUM_LENGTH,LOWEST_ALLOWED_VALUE,HIGHEST_ALLOWED_VALUE,L10N_REC_GROUP_ID,L10N_CODE_TYPE,VALIDATION_CODE,BASE_IND,ENABLE_IND) values (31,175,'COUNTRY','VARCHAR2','VARCHAR2_8','Y',8,'RG',3,null,null,1,null,'L10N_BR_FND_SQL.VALIDATE_COUNTRY(:O_ERROR,:O_COUNTRY_DESCR,:I_COUNTRY,:I_JURISDICTION_CODE,:I_STATE)','Y','Y');
Insert into L10N_ATTRIB (GROUP_ID,ATTRIB_ID,VIEW_COL_NAME,DATA_TYPE,ATTRIB_STORAGE_COL,VALUE_REQ,DISPLAY_SEQ,UI_WIDGET,MAXIMUM_LENGTH,LOWEST_ALLOWED_VALUE,HIGHEST_ALLOWED_VALUE,L10N_REC_GROUP_ID,L10N_CODE_TYPE,VALIDATION_CODE,BASE_IND,ENABLE_IND) values (31,176,'POSTAL_CODE','VARCHAR2','VARCHAR2_9','N',9,'TI',30,null,null,null,null,null,'Y','Y');
Insert into L10N_ATTRIB (GROUP_ID,ATTRIB_ID,VIEW_COL_NAME,DATA_TYPE,ATTRIB_STORAGE_COL,VALUE_REQ,DISPLAY_SEQ,UI_WIDGET,MAXIMUM_LENGTH,LOWEST_ALLOWED_VALUE,HIGHEST_ALLOWED_VALUE,L10N_REC_GROUP_ID,L10N_CODE_TYPE,VALIDATION_CODE,BASE_IND,ENABLE_IND) values (32,177,'CPF','VARCHAR2','VARCHAR2_1','N',1,'TI',11,null,null,null,null,null,'Y','Y');
Insert into L10N_ATTRIB (GROUP_ID,ATTRIB_ID,VIEW_COL_NAME,DATA_TYPE,ATTRIB_STORAGE_COL,VALUE_REQ,DISPLAY_SEQ,UI_WIDGET,MAXIMUM_LENGTH,LOWEST_ALLOWED_VALUE,HIGHEST_ALLOWED_VALUE,L10N_REC_GROUP_ID,L10N_CODE_TYPE,VALIDATION_CODE,BASE_IND,ENABLE_IND) values (32,178,'CNPJ','VARCHAR2','VARCHAR2_2','Y',2,'TI',14,null,null,null,null,null,'Y','Y');
Insert into L10N_ATTRIB (GROUP_ID,ATTRIB_ID,VIEW_COL_NAME,DATA_TYPE,ATTRIB_STORAGE_COL,VALUE_REQ,DISPLAY_SEQ,UI_WIDGET,MAXIMUM_LENGTH,LOWEST_ALLOWED_VALUE,HIGHEST_ALLOWED_VALUE,L10N_REC_GROUP_ID,L10N_CODE_TYPE,VALIDATION_CODE,BASE_IND,ENABLE_IND) values (32,179,'NIT','VARCHAR2','VARCHAR2_3','N',4,'TI',250,null,null,null,null,null,'Y','Y');
Insert into L10N_ATTRIB (GROUP_ID,ATTRIB_ID,VIEW_COL_NAME,DATA_TYPE,ATTRIB_STORAGE_COL,VALUE_REQ,DISPLAY_SEQ,UI_WIDGET,MAXIMUM_LENGTH,LOWEST_ALLOWED_VALUE,HIGHEST_ALLOWED_VALUE,L10N_REC_GROUP_ID,L10N_CODE_TYPE,VALIDATION_CODE,BASE_IND,ENABLE_IND) values (32,180,'SUFRAMA','VARCHAR2','VARCHAR2_4','N',5,'TI',250,null,null,null,null,null,'Y','Y');
Insert into L10N_ATTRIB (GROUP_ID,ATTRIB_ID,VIEW_COL_NAME,DATA_TYPE,ATTRIB_STORAGE_COL,VALUE_REQ,DISPLAY_SEQ,UI_WIDGET,MAXIMUM_LENGTH,LOWEST_ALLOWED_VALUE,HIGHEST_ALLOWED_VALUE,L10N_REC_GROUP_ID,L10N_CODE_TYPE,VALIDATION_CODE,BASE_IND,ENABLE_IND) values (32,181,'IM','VARCHAR2','VARCHAR2_5','N',6,'TI',250,null,null,null,null,null,'Y','Y');
Insert into L10N_ATTRIB (GROUP_ID,ATTRIB_ID,VIEW_COL_NAME,DATA_TYPE,ATTRIB_STORAGE_COL,VALUE_REQ,DISPLAY_SEQ,UI_WIDGET,MAXIMUM_LENGTH,LOWEST_ALLOWED_VALUE,HIGHEST_ALLOWED_VALUE,L10N_REC_GROUP_ID,L10N_CODE_TYPE,VALIDATION_CODE,BASE_IND,ENABLE_IND) values (32,182,'IE','VARCHAR2','VARCHAR2_6','Y',7,'TI',250,null,null,null,null,null,'Y','Y');
Insert into L10N_ATTRIB (GROUP_ID,ATTRIB_ID,VIEW_COL_NAME,DATA_TYPE,ATTRIB_STORAGE_COL,VALUE_REQ,DISPLAY_SEQ,UI_WIDGET,MAXIMUM_LENGTH,LOWEST_ALLOWED_VALUE,HIGHEST_ALLOWED_VALUE,L10N_REC_GROUP_ID,L10N_CODE_TYPE,VALIDATION_CODE,BASE_IND,ENABLE_IND) values (33,183,'IPI_IND','VARCHAR2','VARCHAR2_1','Y',1,'CB',1,null,null,null,null,null,'Y','Y');
Insert into L10N_ATTRIB (GROUP_ID,ATTRIB_ID,VIEW_COL_NAME,DATA_TYPE,ATTRIB_STORAGE_COL,VALUE_REQ,DISPLAY_SEQ,UI_WIDGET,MAXIMUM_LENGTH,LOWEST_ALLOWED_VALUE,HIGHEST_ALLOWED_VALUE,L10N_REC_GROUP_ID,L10N_CODE_TYPE,VALIDATION_CODE,BASE_IND,ENABLE_IND) values (2,184,'STATE_OF_MANUFACTURE','VARCHAR2','VARCHAR2_9','N',9,'RG',3,null,null,8,null,'GEOGRAPHY_SQL.STATE_DESC(:O_ERROR, :O_STATE_OF_MANUFACTURE_DESCR, :I_STATE_OF_MANUFACTURE, :I_L10N_CTRY_ID)','N','Y');
Insert into L10N_ATTRIB (GROUP_ID,ATTRIB_ID,VIEW_COL_NAME,DATA_TYPE,ATTRIB_STORAGE_COL,VALUE_REQ,DISPLAY_SEQ,UI_WIDGET,MAXIMUM_LENGTH,LOWEST_ALLOWED_VALUE,HIGHEST_ALLOWED_VALUE,L10N_REC_GROUP_ID,L10N_CODE_TYPE,VALIDATION_CODE,BASE_IND,ENABLE_IND) values (2,185,'PHARMA_LIST_TYPE','VARCHAR2','VARCHAR2_10','N',10,'LI',6,null,null,null,'PHRM',null,'Y','Y');
Insert into L10N_ATTRIB (GROUP_ID,ATTRIB_ID,VIEW_COL_NAME,DATA_TYPE,ATTRIB_STORAGE_COL,VALUE_REQ,DISPLAY_SEQ,UI_WIDGET,MAXIMUM_LENGTH,LOWEST_ALLOWED_VALUE,HIGHEST_ALLOWED_VALUE,L10N_REC_GROUP_ID,L10N_CODE_TYPE,VALIDATION_CODE,BASE_IND,ENABLE_IND) values (20,186,'IS_INCOME_RANGE_ELIGIBLE','VARCHAR2','VARCHAR2_9','N',9,'CB',1,null,null,null,null,null,'Y','Y');
Insert into L10N_ATTRIB (GROUP_ID,ATTRIB_ID,VIEW_COL_NAME,DATA_TYPE,ATTRIB_STORAGE_COL,VALUE_REQ,DISPLAY_SEQ,UI_WIDGET,MAXIMUM_LENGTH,LOWEST_ALLOWED_VALUE,HIGHEST_ALLOWED_VALUE,L10N_REC_GROUP_ID,L10N_CODE_TYPE,VALIDATION_CODE,BASE_IND,ENABLE_IND) values (20,187,'IS_DISTR_A_MANUFACTURER','VARCHAR2','VARCHAR2_10','N',10,'CB',1,null,null,null,null,null,'Y','Y');
Insert into L10N_ATTRIB (GROUP_ID,ATTRIB_ID,VIEW_COL_NAME,DATA_TYPE,ATTRIB_STORAGE_COL,VALUE_REQ,DISPLAY_SEQ,UI_WIDGET,MAXIMUM_LENGTH,LOWEST_ALLOWED_VALUE,HIGHEST_ALLOWED_VALUE,L10N_REC_GROUP_ID,L10N_CODE_TYPE,VALIDATION_CODE,BASE_IND,ENABLE_IND) values (20,188,'ICMS_SIMPLES_RATE','NUMBER','NUMBER_11','N',11,'TI',20,null,99999999999999999,null,null,null,'Y','Y');
Insert into L10N_ATTRIB (GROUP_ID,ATTRIB_ID,VIEW_COL_NAME,DATA_TYPE,ATTRIB_STORAGE_COL,VALUE_REQ,DISPLAY_SEQ,UI_WIDGET,MAXIMUM_LENGTH,LOWEST_ALLOWED_VALUE,HIGHEST_ALLOWED_VALUE,L10N_REC_GROUP_ID,L10N_CODE_TYPE,VALIDATION_CODE,BASE_IND,ENABLE_IND) values (34,189,'NEIGHBORHOOD','VARCHAR2','VARCHAR2_1','Y',1,'TI',250,null,null,null,null,null,'Y','N');
Insert into L10N_ATTRIB (GROUP_ID,ATTRIB_ID,VIEW_COL_NAME,DATA_TYPE,ATTRIB_STORAGE_COL,VALUE_REQ,DISPLAY_SEQ,UI_WIDGET,MAXIMUM_LENGTH,LOWEST_ALLOWED_VALUE,HIGHEST_ALLOWED_VALUE,L10N_REC_GROUP_ID,L10N_CODE_TYPE,VALIDATION_CODE,BASE_IND,ENABLE_IND) values (34,190,'CPF','VARCHAR2','VARCHAR2_2','Y',2,'TI',250,null,null,null,null,null,'Y','N');

insert into  L10N_MENU (L10N_MENU_ID,MENU_OBJECT_NAME,EXT_ENTITY_ID,COUNTRY_ID,MENU_SEQ,CALLED_UI,SHARED_SESSION_IND)VALUES(1,'OPTIONS_MENU.MENU_1',5,'BR',1,'l10nbrtribsubs','N');

insert into L10N_MENU_PARAMETER (L10N_MENU_ID,PARAMETER_NAME,VALUE_SOURCE_TYPE,PARAMETER_VALUE,VALUE_REQ_IND) VALUES(1,'PM_MODE','B',NULL,'Y');
insert into L10N_MENU_PARAMETER(L10N_MENU_ID,PARAMETER_NAME,VALUE_SOURCE_TYPE,PARAMETER_VALUE,VALUE_REQ_IND)VALUES(1,'PM_ENTITY_TYPE','F','SUPP','Y');
insert into L10N_MENU_PARAMETER (L10N_MENU_ID,PARAMETER_NAME,VALUE_SOURCE_TYPE,PARAMETER_VALUE,VALUE_REQ_IND)VALUES(1,'PM_KEY_VALUE','B',':SUPPLIER','Y');
insert into L10N_MENU_PARAMETER(L10N_MENU_ID,PARAMETER_NAME,VALUE_SOURCE_TYPE,PARAMETER_VALUE,VALUE_REQ_IND)VALUES(1,'PM_KEY_VALUE_DESC','F',NULL,'N');
insert into L10N_MENU_PARAMETER (L10N_MENU_ID,PARAMETER_NAME,VALUE_SOURCE_TYPE,PARAMETER_VALUE,VALUE_REQ_IND)VALUES(1,'PM_COUNTRY','B',':L10N_CTRY_ID','Y');
insert into L10N_MENU_PARAMETER (L10N_MENU_ID,PARAMETER_NAME,VALUE_SOURCE_TYPE,PARAMETER_VALUE,VALUE_REQ_IND)VALUES(1,'PM_COUNTRY_DESC','F',NULL,'N');

insert into  L10N_MENU (L10N_MENU_ID,MENU_OBJECT_NAME,EXT_ENTITY_ID,COUNTRY_ID,MENU_SEQ,CALLED_UI,SHARED_SESSION_IND)VALUES(2,'OPTIONS_MENU.MENU_1',3,'BR',1,'l10nbrtribsubs','N');

insert into L10N_MENU_PARAMETER(L10N_MENU_ID,PARAMETER_NAME,VALUE_SOURCE_TYPE,PARAMETER_VALUE,VALUE_REQ_IND)VALUES(2,'PM_MODE','B',NULL,'Y');
insert into L10N_MENU_PARAMETER(L10N_MENU_ID,PARAMETER_NAME,VALUE_SOURCE_TYPE,PARAMETER_VALUE,VALUE_REQ_IND)VALUES(2,'PM_ENTITY_TYPE','F','S','Y');
insert into L10N_MENU_PARAMETER (L10N_MENU_ID,PARAMETER_NAME,VALUE_SOURCE_TYPE,PARAMETER_VALUE,VALUE_REQ_IND)VALUES(2,'PM_KEY_VALUE','B',':STORE','Y');
insert into L10N_MENU_PARAMETER(L10N_MENU_ID,PARAMETER_NAME,VALUE_SOURCE_TYPE,PARAMETER_VALUE,VALUE_REQ_IND)VALUES(2,'PM_KEY_VALUE_DESC','F',NULL,'N');
insert into L10N_MENU_PARAMETER(L10N_MENU_ID,PARAMETER_NAME,VALUE_SOURCE_TYPE,PARAMETER_VALUE,VALUE_REQ_IND)VALUES(2,'PM_COUNTRY','B',':L10N_CTRY_ID','Y');
insert into L10N_MENU_PARAMETER(L10N_MENU_ID,PARAMETER_NAME,VALUE_SOURCE_TYPE,PARAMETER_VALUE,VALUE_REQ_IND)VALUES(2,'PM_COUNTRY_DESC','F',NULL,'N');

insert into L10N_MENU (L10N_MENU_ID,MENU_OBJECT_NAME,EXT_ENTITY_ID,COUNTRY_ID,MENU_SEQ,CALLED_UI,SHARED_SESSION_IND)VALUES(3,'OPTIONS_MENU.MENU_1',2,'BR',1,'l10nbrtribsubs','N');

insert into L10N_MENU_PARAMETER(L10N_MENU_ID,PARAMETER_NAME,VALUE_SOURCE_TYPE,PARAMETER_VALUE,VALUE_REQ_IND)VALUES(3,'PM_MODE','B',NULL,'Y');
insert into L10N_MENU_PARAMETER (L10N_MENU_ID,PARAMETER_NAME,VALUE_SOURCE_TYPE,PARAMETER_VALUE,VALUE_REQ_IND)VALUES(3,'PM_ENTITY_TYPE','F','W','Y');
insert into L10N_MENU_PARAMETER(L10N_MENU_ID,PARAMETER_NAME,VALUE_SOURCE_TYPE,PARAMETER_VALUE,VALUE_REQ_IND)VALUES(3,'PM_KEY_VALUE','B',':WH','Y');
insert into L10N_MENU_PARAMETER(L10N_MENU_ID,PARAMETER_NAME,VALUE_SOURCE_TYPE,PARAMETER_VALUE,VALUE_REQ_IND)VALUES(3,'PM_KEY_VALUE_DESC','F',NULL,'N');
insert into L10N_MENU_PARAMETER(L10N_MENU_ID,PARAMETER_NAME,VALUE_SOURCE_TYPE,PARAMETER_VALUE,VALUE_REQ_IND)VALUES(3,'PM_COUNTRY','B',':L10N_CTRY_ID','Y');
insert into L10N_MENU_PARAMETER (L10N_MENU_ID,PARAMETER_NAME,VALUE_SOURCE_TYPE,PARAMETER_VALUE,VALUE_REQ_IND) VALUES(3,'PM_COUNTRY_DESC','F',NULL,'N');

insert into  L10N_MENU (L10N_MENU_ID,MENU_OBJECT_NAME,EXT_ENTITY_ID,COUNTRY_ID,MENU_SEQ,CALLED_UI,SHARED_SESSION_IND) VALUES (4, 'OPTIONS_MENU.MENU_2', 5, 'BR', 2, 'l10nbrcnae', 'N');

insert into L10N_MENU_PARAMETER(L10N_MENU_ID,PARAMETER_NAME,VALUE_SOURCE_TYPE,PARAMETER_VALUE,VALUE_REQ_IND)VALUES (4, 'PM_MODE','B', null, 'Y');
insert into L10N_MENU_PARAMETER(L10N_MENU_ID,PARAMETER_NAME,VALUE_SOURCE_TYPE,PARAMETER_VALUE,VALUE_REQ_IND)VALUES (4, 'PM_KEY_VALUE_1','B', ':SUPPLIER', 'Y');
insert into L10N_MENU_PARAMETER(L10N_MENU_ID,PARAMETER_NAME,VALUE_SOURCE_TYPE,PARAMETER_VALUE,VALUE_REQ_IND)VALUES (4, 'PM_KEY_VALUE_2','F', 'S', 'Y');
insert into L10N_MENU_PARAMETER(L10N_MENU_ID,PARAMETER_NAME,VALUE_SOURCE_TYPE,PARAMETER_VALUE,VALUE_REQ_IND)VALUES (4, 'PM_COUNTRY','B', ':L10N_CTRY_ID', 'Y');
insert into L10N_MENU_PARAMETER(L10N_MENU_ID,PARAMETER_NAME,VALUE_SOURCE_TYPE,PARAMETER_VALUE,VALUE_REQ_IND)VALUES (4, 'PM_MODULE','F', 'SUPP', 'Y');
insert into L10N_MENU_PARAMETER(L10N_MENU_ID,PARAMETER_NAME,VALUE_SOURCE_TYPE,PARAMETER_VALUE,VALUE_REQ_IND)VALUES (4, 'PM_KEY_VALUE_DESC','F', null, 'N');
insert into L10N_MENU_PARAMETER(L10N_MENU_ID,PARAMETER_NAME,VALUE_SOURCE_TYPE,PARAMETER_VALUE,VALUE_REQ_IND)VALUES (4, 'PM_COUNTRY_DESC','F', null, 'N');

insert into  L10N_MENU (L10N_MENU_ID,MENU_OBJECT_NAME,EXT_ENTITY_ID,COUNTRY_ID,MENU_SEQ,CALLED_UI,SHARED_SESSION_IND) VALUES (5, 'OPTIONS_MENU.MENU_2', 3, 'BR', 2, 'l10nbrcnae', 'N');

insert into L10N_MENU_PARAMETER(L10N_MENU_ID,PARAMETER_NAME,VALUE_SOURCE_TYPE,PARAMETER_VALUE,VALUE_REQ_IND)VALUES (5, 'PM_MODE','B', null, 'Y');
insert into L10N_MENU_PARAMETER(L10N_MENU_ID,PARAMETER_NAME,VALUE_SOURCE_TYPE,PARAMETER_VALUE,VALUE_REQ_IND)VALUES (5, 'PM_KEY_VALUE_1','B', ':STORE', 'Y');
insert into L10N_MENU_PARAMETER(L10N_MENU_ID,PARAMETER_NAME,VALUE_SOURCE_TYPE,PARAMETER_VALUE,VALUE_REQ_IND)VALUES (5, 'PM_KEY_VALUE_2','F', 'S', 'Y');
insert into L10N_MENU_PARAMETER(L10N_MENU_ID,PARAMETER_NAME,VALUE_SOURCE_TYPE,PARAMETER_VALUE,VALUE_REQ_IND)VALUES (5, 'PM_COUNTRY','B', ':L10N_CTRY_ID', 'Y');
insert into L10N_MENU_PARAMETER(L10N_MENU_ID,PARAMETER_NAME,VALUE_SOURCE_TYPE,PARAMETER_VALUE,VALUE_REQ_IND)VALUES(5, 'PM_MODULE','F', 'LOC', 'Y');
insert into L10N_MENU_PARAMETER(L10N_MENU_ID,PARAMETER_NAME,VALUE_SOURCE_TYPE,PARAMETER_VALUE,VALUE_REQ_IND)VALUES (5, 'PM_KEY_VALUE_DESC','F', null, 'N');
insert into L10N_MENU_PARAMETER(L10N_MENU_ID,PARAMETER_NAME,VALUE_SOURCE_TYPE,PARAMETER_VALUE,VALUE_REQ_IND)VALUES (5, 'PM_COUNTRY_DESC','F', null, 'N');

insert into  L10N_MENU (L10N_MENU_ID,MENU_OBJECT_NAME,EXT_ENTITY_ID,COUNTRY_ID,MENU_SEQ,CALLED_UI,SHARED_SESSION_IND) VALUES (6, 'OPTIONS_MENU.MENU_2', 2, 'BR', 2, 'l10nbrcnae', 'N');

insert into L10N_MENU_PARAMETER(L10N_MENU_ID,PARAMETER_NAME,VALUE_SOURCE_TYPE,PARAMETER_VALUE,VALUE_REQ_IND)VALUES (6, 'PM_MODE','B', null, 'Y');
insert into L10N_MENU_PARAMETER(L10N_MENU_ID,PARAMETER_NAME,VALUE_SOURCE_TYPE,PARAMETER_VALUE,VALUE_REQ_IND)VALUES(6, 'PM_KEY_VALUE_1','B', ':WH', 'Y');
insert into L10N_MENU_PARAMETER(L10N_MENU_ID,PARAMETER_NAME,VALUE_SOURCE_TYPE,PARAMETER_VALUE,VALUE_REQ_IND)VALUES (6, 'PM_KEY_VALUE_2','F', 'W', 'Y');
insert into L10N_MENU_PARAMETER(L10N_MENU_ID,PARAMETER_NAME,VALUE_SOURCE_TYPE,PARAMETER_VALUE,VALUE_REQ_IND)VALUES (6, 'PM_COUNTRY','B', ':L10N_CTRY_ID', 'Y');
insert into L10N_MENU_PARAMETER(L10N_MENU_ID,PARAMETER_NAME,VALUE_SOURCE_TYPE,PARAMETER_VALUE,VALUE_REQ_IND)VALUES (6, 'PM_MODULE','F', 'LOC', 'Y');
insert into L10N_MENU_PARAMETER(L10N_MENU_ID,PARAMETER_NAME,VALUE_SOURCE_TYPE,PARAMETER_VALUE,VALUE_REQ_IND)VALUES (6, 'PM_KEY_VALUE_DESC','F', null, 'N');
insert into L10N_MENU_PARAMETER(L10N_MENU_ID,PARAMETER_NAME,VALUE_SOURCE_TYPE,PARAMETER_VALUE,VALUE_REQ_IND)VALUES (6, 'PM_COUNTRY_DESC','F', null, 'N');

insert into  L10N_MENU (L10N_MENU_ID,MENU_OBJECT_NAME,EXT_ENTITY_ID,COUNTRY_ID,MENU_SEQ,CALLED_UI,SHARED_SESSION_IND) VALUES(8, 'OPTIONS_MENU.MENU_2', 4, 'BR', 2, 'l10nbrcnae', 'N');

insert into L10N_MENU_PARAMETER(L10N_MENU_ID,PARAMETER_NAME,VALUE_SOURCE_TYPE,PARAMETER_VALUE,VALUE_REQ_IND)VALUES (8, 'PM_MODE','B', null, 'Y');
insert into L10N_MENU_PARAMETER(L10N_MENU_ID,PARAMETER_NAME,VALUE_SOURCE_TYPE,PARAMETER_VALUE,VALUE_REQ_IND)VALUES (8, 'PM_KEY_VALUE_1','B', ':OUTLOC_ID', 'Y');
insert into L10N_MENU_PARAMETER(L10N_MENU_ID,PARAMETER_NAME,VALUE_SOURCE_TYPE,PARAMETER_VALUE,VALUE_REQ_IND)VALUES(8, 'PM_KEY_VALUE_2','B', ':OUTLOC_TYPE', 'Y');
insert into L10N_MENU_PARAMETER(L10N_MENU_ID,PARAMETER_NAME,VALUE_SOURCE_TYPE,PARAMETER_VALUE,VALUE_REQ_IND)VALUES (8, 'PM_COUNTRY','B', ':L10N_CTRY_ID', 'Y');
insert into L10N_MENU_PARAMETER(L10N_MENU_ID,PARAMETER_NAME,VALUE_SOURCE_TYPE,PARAMETER_VALUE,VALUE_REQ_IND)VALUES (8, 'PM_MODULE','F', 'OLOC', 'Y');
insert into L10N_MENU_PARAMETER(L10N_MENU_ID,PARAMETER_NAME,VALUE_SOURCE_TYPE,PARAMETER_VALUE,VALUE_REQ_IND)VALUES (8, 'PM_KEY_VALUE_DESC','F', null, 'N');
insert into L10N_MENU_PARAMETER(L10N_MENU_ID,PARAMETER_NAME,VALUE_SOURCE_TYPE,PARAMETER_VALUE,VALUE_REQ_IND)VALUES (8, 'PM_COUNTRY_DESC','F', null, 'N');

insert into  L10N_MENU (L10N_MENU_ID,MENU_OBJECT_NAME,EXT_ENTITY_ID,COUNTRY_ID,MENU_SEQ,CALLED_UI,SHARED_SESSION_IND) VALUES (9, 'OPTIONS_MENU.MENU_2', 6, 'BR', 2, 'l10nbrcnae', 'N');

insert into L10N_MENU_PARAMETER(L10N_MENU_ID,PARAMETER_NAME,VALUE_SOURCE_TYPE,PARAMETER_VALUE,VALUE_REQ_IND)VALUES (9, 'PM_MODE','B', null, 'Y');
insert into L10N_MENU_PARAMETER(L10N_MENU_ID,PARAMETER_NAME,VALUE_SOURCE_TYPE,PARAMETER_VALUE,VALUE_REQ_IND)VALUES (9, 'PM_KEY_VALUE_1','B', ':PARTNER_ID', 'Y');
insert into L10N_MENU_PARAMETER(L10N_MENU_ID,PARAMETER_NAME,VALUE_SOURCE_TYPE,PARAMETER_VALUE,VALUE_REQ_IND)VALUES (9, 'PM_KEY_VALUE_2','B', ':PARTNER_TYPE', 'Y');
insert into L10N_MENU_PARAMETER(L10N_MENU_ID,PARAMETER_NAME,VALUE_SOURCE_TYPE,PARAMETER_VALUE,VALUE_REQ_IND)VALUES (9, 'PM_COUNTRY','B', ':L10N_CTRY_ID', 'Y');
insert into L10N_MENU_PARAMETER(L10N_MENU_ID,PARAMETER_NAME,VALUE_SOURCE_TYPE,PARAMETER_VALUE,VALUE_REQ_IND)VALUES (9, 'PM_MODULE','F', 'PTNR', 'Y');
insert into L10N_MENU_PARAMETER(L10N_MENU_ID,PARAMETER_NAME,VALUE_SOURCE_TYPE,PARAMETER_VALUE,VALUE_REQ_IND)VALUES(9, 'PM_KEY_VALUE_DESC','F', null, 'N');
insert into L10N_MENU_PARAMETER(L10N_MENU_ID,PARAMETER_NAME,VALUE_SOURCE_TYPE,PARAMETER_VALUE,VALUE_REQ_IND)VALUES (9, 'PM_COUNTRY_DESC','F', null, 'N');

insert into L10N_MENU (L10N_MENU_ID,MENU_OBJECT_NAME,EXT_ENTITY_ID,COUNTRY_ID,MENU_SEQ,CALLED_UI,SHARED_SESSION_IND) VALUES (10, 'OPTIONS_MENU.MENU_2', 12, 'BR', 2, 'l10nbrcnae', 'N');

insert into L10N_MENU_PARAMETER(L10N_MENU_ID,PARAMETER_NAME,VALUE_SOURCE_TYPE,PARAMETER_VALUE,VALUE_REQ_IND)VALUES (10, 'PM_MODE','B', null, 'Y');
insert into L10N_MENU_PARAMETER(L10N_MENU_ID,PARAMETER_NAME,VALUE_SOURCE_TYPE,PARAMETER_VALUE,VALUE_REQ_IND)VALUES (10, 'PM_KEY_VALUE_1','B', ':STORE', 'Y');
insert into L10N_MENU_PARAMETER(L10N_MENU_ID,PARAMETER_NAME,VALUE_SOURCE_TYPE,PARAMETER_VALUE,VALUE_REQ_IND)VALUES (10, 'PM_KEY_VALUE_2','F', 'S', 'Y');
insert into L10N_MENU_PARAMETER(L10N_MENU_ID,PARAMETER_NAME,VALUE_SOURCE_TYPE,PARAMETER_VALUE,VALUE_REQ_IND)VALUES (10, 'PM_COUNTRY','B', ':L10N_CTRY_ID', 'Y');
insert into L10N_MENU_PARAMETER(L10N_MENU_ID,PARAMETER_NAME,VALUE_SOURCE_TYPE,PARAMETER_VALUE,VALUE_REQ_IND)VALUES (10, 'PM_MODULE','F', 'LOC', 'Y');
insert into L10N_MENU_PARAMETER(L10N_MENU_ID,PARAMETER_NAME,VALUE_SOURCE_TYPE,PARAMETER_VALUE,VALUE_REQ_IND)VALUES (10, 'PM_KEY_VALUE_DESC','F', null, 'N');
insert into L10N_MENU_PARAMETER(L10N_MENU_ID,PARAMETER_NAME,VALUE_SOURCE_TYPE,PARAMETER_VALUE,VALUE_REQ_IND)VALUES (10, 'PM_COUNTRY_DESC','F', null, 'N');

Insert into  L10N_MENU (L10N_MENU_ID,MENU_OBJECT_NAME,EXT_ENTITY_ID,COUNTRY_ID,MENU_SEQ,CALLED_UI,SHARED_SESSION_IND) values (11, 'OPTIONS_MENU.MENU_3', 5, 'BR', 3, 'l10nbrsuptaxregime', 'N');

Insert into L10N_MENU_PARAMETER(L10N_MENU_ID,PARAMETER_NAME,VALUE_SOURCE_TYPE,PARAMETER_VALUE,VALUE_REQ_IND) values (11, 'PM_MODE','B', null, 'Y');
Insert into L10N_MENU_PARAMETER(L10N_MENU_ID,PARAMETER_NAME,VALUE_SOURCE_TYPE,PARAMETER_VALUE,VALUE_REQ_IND) values (11, 'PM_KEY_VALUE_1','B', ':SUPPLIER', 'Y');

insert into  L10N_MENU (L10N_MENU_ID,MENU_OBJECT_NAME,EXT_ENTITY_ID,COUNTRY_ID,MENU_SEQ,CALLED_UI,SHARED_SESSION_IND) VALUES(12,'OPTIONS_MENU.MENU_1',12,'BR',1,'l10nbrtribsubs','N');

insert into L10N_MENU_PARAMETER(L10N_MENU_ID,PARAMETER_NAME,VALUE_SOURCE_TYPE,PARAMETER_VALUE,VALUE_REQ_IND)VALUES(12,'PM_MODE','B',NULL,'Y');
insert into L10N_MENU_PARAMETER(L10N_MENU_ID,PARAMETER_NAME,VALUE_SOURCE_TYPE,PARAMETER_VALUE,VALUE_REQ_IND)VALUES(12,'PM_ENTITY_TYPE','F','S','Y');
insert into L10N_MENU_PARAMETER(L10N_MENU_ID,PARAMETER_NAME,VALUE_SOURCE_TYPE,PARAMETER_VALUE,VALUE_REQ_IND)VALUES(12,'PM_KEY_VALUE','B',':STORE','Y');
insert into L10N_MENU_PARAMETER(L10N_MENU_ID,PARAMETER_NAME,VALUE_SOURCE_TYPE,PARAMETER_VALUE,VALUE_REQ_IND)VALUES(12,'PM_KEY_VALUE_DESC','F',NULL,'N');
insert into L10N_MENU_PARAMETER(L10N_MENU_ID,PARAMETER_NAME,VALUE_SOURCE_TYPE,PARAMETER_VALUE,VALUE_REQ_IND)VALUES(12,'PM_COUNTRY','B',':L10N_CTRY_ID','Y');
insert into L10N_MENU_PARAMETER(L10N_MENU_ID,PARAMETER_NAME,VALUE_SOURCE_TYPE,PARAMETER_VALUE,VALUE_REQ_IND)VALUES(12,'PM_COUNTRY_DESC','F',NULL,'N');

COMMIT;
